query,doc_url,doc_id,language,relevant,annotator,notes
নির্বাচন,https://www.banglatribune.com/national/930500/%E0%A6%A8%E0%A6%BF%E0%A6%B0%E0%A7%8D%E0%A6%AC%E0%A6%BE%E0%A6%9A%E0%A6%A8%E0%A7%87%E0%A6%B0-%E0%A6%AE%E0%A6%BE%E0%A6%A0-%E0%A6%A5%E0%A7%87%E0%A6%95%E0%A7%87-%E0%A6%9B%E0%A6%BF%E0%A6%9F%E0%A6%95%E0%A7%87-%E0%A6%AA%E0%A7%9C%E0%A6%B2%E0%A7%8B-%E0%A6%A6%E0%A7%87%E0%A7%9C%E0%A6%B6%E0%A7%8B-%E0%A6%AA%E0%A7%8D%E0%A6%B0%E0%A6%BE%E0%A6%B0%E0%A7%8D%E0%A6%A5%E0%A7%80,0,bn,yes,content_based_simulation,
নির্বাচন,https://www.banglatribune.com/national/930492/%E0%A6%87%E0%A6%B8%E0%A6%BF%E0%A6%B0-%E0%A6%AC%E0%A6%BF%E0%A6%B0%E0%A7%81%E0%A6%A6%E0%A7%8D%E0%A6%A7%E0%A7%87-%E0%A6%AA%E0%A6%95%E0%A7%8D%E0%A6%B7%E0%A6%AA%E0%A6%BE%E0%A6%A4%E0%A6%A6%E0%A7%81%E0%A6%B7%E0%A7%8D%E0%A6%9F%E0%A6%A4%E0%A6%BE%E0%A6%B0-%E0%A6%85%E0%A6%AD%E0%A6%BF%E0%A6%AF%E0%A7%8B%E0%A6%97-%E0%A6%B6%E0%A7%81%E0%A6%A8%E0%A6%BE%E0%A6%A8%E0%A6%BF-%E0%A6%B6%E0%A7%87%E0%A6%B7%E0%A7%87,5,bn,yes,content_based_simulation,
নির্বাচন,https://www.banglatribune.com/national/930471/%E0%A6%8F%E0%A6%AC%E0%A6%BE%E0%A6%B0%E0%A7%87%E0%A6%B0-%E0%A6%A8%E0%A6%BF%E0%A6%B0%E0%A7%8D%E0%A6%AC%E0%A6%BE%E0%A6%9A%E0%A6%A8-%E0%A6%95%E0%A7%8B%E0%A6%A8%E0%A6%93-%E0%A6%97%E0%A7%8B%E0%A6%9C%E0%A6%BE%E0%A6%AE%E0%A6%BF%E0%A6%B2%E0%A7%87%E0%A6%B0-%E0%A6%A8%E0%A6%BF%E0%A6%B0%E0%A7%8D%E0%A6%AC%E0%A6%BE%E0%A6%9A%E0%A6%A8-%E0%A6%B9%E0%A6%AC%E0%A7%87-%E0%A6%A8%E0%A6%BE,6,bn,yes,content_based_simulation,
নির্বাচন,https://www.banglatribune.com/national/930459/%E0%A6%86%E0%A6%AA%E0%A6%BF%E0%A6%B2-%E0%A6%B6%E0%A7%81%E0%A6%A8%E0%A6%BE%E0%A6%A8%E0%A6%BF%E0%A6%A4%E0%A7%87-%E0%A6%95%E0%A7%8B%E0%A6%A8%E0%A6%93-%E0%A6%AA%E0%A6%95%E0%A7%8D%E0%A6%B7%E0%A6%AA%E0%A6%BE%E0%A6%A4-%E0%A6%95%E0%A6%B0%E0%A6%BF%E0%A6%A8%E0%A6%BF-%E0%A6%B8%E0%A6%BF%E0%A6%87%E0%A6%B8%E0%A6%BF,7,bn,yes,content_based_simulation,
নির্বাচন,https://www.banglatribune.com/national/930451/%E0%A6%A2%E0%A6%BE%E0%A6%95%E0%A6%BE-%E0%A6%AE%E0%A6%B9%E0%A6%BE%E0%A6%A8%E0%A6%97%E0%A6%B0%E0%A7%80%E0%A6%B0-%E0%A6%AA%E0%A7%8D%E0%A6%B0%E0%A6%A4%E0%A6%BF%E0%A6%9F%E0%A6%BF-%E0%A6%93%E0%A7%9F%E0%A6%BE%E0%A6%B0%E0%A7%8D%E0%A6%A1%E0%A7%87-%E0%A6%97%E0%A6%A3%E0%A6%AD%E0%A7%8B%E0%A6%9F%E0%A7%87%E0%A6%B0-%E0%A6%B2%E0%A6%BF%E0%A6%AB%E0%A6%B2%E0%A7%87%E0%A6%9F-%E0%A6%AA%E0%A7%8C%E0%A6%81%E0%A6%9B%E0%A7%87,8,bn,yes,content_based_simulation,
নির্বাচন,https://www.banglatribune.com/national/930432/%E2%80%98%E0%A6%B9%E0%A7%8D%E0%A6%AF%E0%A6%BE%E0%A6%81%E2%80%99-%E0%A6%AD%E0%A7%8B%E0%A6%9F%E0%A7%87%E0%A6%B0-%E0%A6%AA%E0%A6%95%E0%A7%8D%E0%A6%B7%E0%A7%87-%E0%A6%85%E0%A6%AC%E0%A6%B8%E0%A7%8D%E0%A6%A5%E0%A6%BE%E0%A6%A8-%E0%A6%A8%E0%A7%87%E0%A6%93%E0%A7%9F%E0%A6%BE%E0%A6%B0-%E0%A6%95%E0%A6%BE%E0%A6%B0%E0%A6%A3-%E0%A6%9C%E0%A6%BE%E0%A6%A8%E0%A6%BE%E0%A6%B2%E0%A7%8B,11,bn,yes,content_based_simulation,
নির্বাচন,https://www.banglatribune.com/others/930419/%E0%A6%A6%E0%A7%8D%E0%A6%AC%E0%A7%88%E0%A6%A4-%E0%A6%A8%E0%A6%BE%E0%A6%97%E0%A6%B0%E0%A6%BF%E0%A6%95%E0%A6%A4%E0%A7%8D%E0%A6%AC-%E0%A6%87%E0%A6%B8%E0%A7%8D%E0%A6%AF%E0%A7%81%E0%A6%A4%E0%A7%87-%E0%A6%B8%E0%A6%82%E0%A6%AC%E0%A6%BF%E0%A6%A7%E0%A6%BE%E0%A6%A8-%E0%A6%B2%E0%A6%99%E0%A7%8D%E0%A6%98%E0%A6%A8%E0%A7%87%E0%A6%B0-%E0%A6%85%E0%A6%AD%E0%A6%BF%E0%A6%AF%E0%A7%8B%E0%A6%97,12,bn,yes,content_based_simulation,
নির্বাচন,https://www.banglatribune.com/national/930382/%E0%A6%87%E0%A6%B8%E0%A6%BF%E0%A6%A4%E0%A7%87-%E0%A6%86%E0%A6%AA%E0%A6%BF%E0%A6%B2%E0%A7%87%E0%A6%B0-%E0%A6%B6%E0%A7%81%E0%A6%A8%E0%A6%BE%E0%A6%A8%E0%A6%BF-%E0%A6%B6%E0%A7%87%E0%A6%B7-%E0%A6%B9%E0%A6%9A%E0%A7%8D%E0%A6%9B%E0%A7%87-%E0%A6%86%E0%A6%9C,13,bn,yes,content_based_simulation,
নির্বাচন,https://www.banglatribune.com/national/930362/%E0%A6%87%E0%A6%B8%E0%A6%BF%E0%A6%B0-%E2%80%98%E0%A6%AC%E0%A6%BF%E0%A6%B6%E0%A7%87%E0%A6%B7-%E0%A6%AC%E0%A6%BF%E0%A6%AC%E0%A7%87%E0%A6%9A%E0%A6%A8%E0%A6%BE%E0%A7%9F%E2%80%99-%E0%A6%AA%E0%A7%8D%E0%A6%B0%E0%A6%BE%E0%A6%B0%E0%A7%8D%E0%A6%A5%E0%A7%80%E0%A6%A4%E0%A6%BE-%E0%A6%AB%E0%A6%BF%E0%A6%B0%E0%A7%87-%E0%A6%AA%E0%A7%87%E0%A7%9F%E0%A7%87%E0%A6%9B%E0%A7%87%E0%A6%A8,14,bn,yes,content_based_simulation,
নির্বাচন,https://www.banglatribune.com/national/930358/%E0%A6%85%E0%A6%B7%E0%A7%8D%E0%A6%9F%E0%A6%AE-%E0%A6%A6%E0%A6%BF%E0%A6%A8%E0%A7%87-%E0%A6%86%E0%A6%AA%E0%A6%BF%E0%A6%B2-%E0%A6%AE%E0%A6%9E%E0%A7%8D%E0%A6%9C%E0%A7%81%E0%A6%B0-%E0%A7%AA%E0%A7%AB-%E0%A6%9C%E0%A6%A8%E0%A7%87%E0%A6%B0-%E0%A6%A8%E0%A6%BE%E0%A6%AE%E0%A6%9E%E0%A7%8D%E0%A6%9C%E0%A7%81%E0%A6%B0-%E0%A7%A9%E0%A7%AD,15,bn,yes,content_based_simulation,
নির্বাচন,https://www.banglatribune.com/national/930351/%E0%A6%A8%E0%A6%BF%E0%A6%B0%E0%A7%8D%E0%A6%AC%E0%A6%BE%E0%A6%9A%E0%A6%A8%E0%A6%BF-%E0%A6%A6%E0%A6%BE%E0%A7%9F%E0%A6%BF%E0%A6%A4%E0%A7%8D%E0%A6%AC-%E0%A6%AA%E0%A6%BE%E0%A6%B2%E0%A6%A8%E0%A7%87-%E0%A6%85%E0%A6%A8%E0%A7%80%E0%A6%B9%E0%A6%BE-%E0%A6%93-%E0%A6%B6%E0%A7%88%E0%A6%A5%E0%A6%BF%E0%A6%B2%E0%A7%8D%E0%A6%AF-%E0%A6%A6%E0%A7%87%E0%A6%96%E0%A6%BE%E0%A6%B2%E0%A7%87,16,bn,yes,content_based_simulation,
নির্বাচন,https://www.banglatribune.com/national/930329/%E0%A6%9F%E0%A6%BF%E0%A6%95%E0%A7%87-%E0%A6%97%E0%A7%87%E0%A6%B2%E0%A7%87%E0%A6%A8-%E0%A6%B9%E0%A6%BE%E0%A6%B8%E0%A6%A8%E0%A6%BE%E0%A6%A4-%E0%A6%AC%E0%A6%BE%E0%A6%A6-%E0%A6%AA%E0%A7%9C%E0%A6%B2%E0%A7%87%E0%A6%A8-%E0%A6%AE%E0%A6%9E%E0%A7%8D%E0%A6%9C%E0%A7%81%E0%A6%B0%E0%A7%81%E0%A6%B2%C2%A0,19,bn,yes,content_based_simulation,
নির্বাচন,https://www.banglatribune.com/national/930316/%E0%A6%86%E0%A6%AE%E0%A6%B0%E0%A6%BE-%E0%A6%AA%E0%A6%B0%E0%A7%8D%E0%A6%AF%E0%A6%AC%E0%A7%87%E0%A6%95%E0%A7%8D%E0%A6%B7%E0%A6%A3-%E0%A6%95%E0%A6%B0%E0%A6%AC%E0%A7%8B-%E0%A6%B9%E0%A6%B8%E0%A7%8D%E0%A6%A4%E0%A6%95%E0%A7%8D%E0%A6%B7%E0%A7%87%E0%A6%AA-%E0%A6%A8%E0%A7%9F-%E0%A6%87%E0%A6%87%E0%A6%89-%E0%A6%A8%E0%A6%BF%E0%A6%B0%E0%A7%8D%E0%A6%AC%E0%A6%BE%E0%A6%9A%E0%A6%A8,20,bn,yes,content_based_simulation,
নির্বাচন,https://www.banglatribune.com/national/930308/%E0%A6%87%E0%A6%B8%E0%A6%BF%E0%A6%B0-%E0%A6%B6%E0%A7%81%E0%A6%A8%E0%A6%BE%E0%A6%A8%E0%A6%BF%E0%A6%A4%E0%A7%87-%E0%A6%B9%E0%A6%9F%E0%A7%8D%E0%A6%9F%E0%A6%97%E0%A7%8B%E0%A6%B2,21,bn,yes,content_based_simulation,
নির্বাচন,https://www.banglatribune.com/national/930258/%E0%A6%B6%E0%A6%BE%E0%A6%95%E0%A6%B8%E0%A7%81-%E0%A6%A8%E0%A6%BF%E0%A6%B0%E0%A7%8D%E0%A6%AC%E0%A6%BE%E0%A6%9A%E0%A6%A8%E0%A7%87%E0%A6%B0-%E0%A6%85%E0%A6%A8%E0%A7%81%E0%A6%AE%E0%A6%A4%E0%A6%BF-%E0%A6%A6%E0%A6%BF%E0%A6%B2%E0%A7%8B-%E0%A6%87%E0%A6%B8%E0%A6%BF,23,bn,yes,content_based_simulation,
নির্বাচন,https://www.banglatribune.com/country/chitagong/930526/%E0%A6%86%E0%A6%87%E0%A6%A8%E0%A6%9C%E0%A7%80%E0%A6%AC%E0%A7%80-%E0%A6%86%E0%A6%B2%E0%A6%BF%E0%A6%AB-%E0%A6%B9%E0%A6%A4%E0%A7%8D%E0%A6%AF%E0%A6%BE-%E0%A6%AE%E0%A6%BE%E0%A6%AE%E0%A6%B2%E0%A6%BE%E0%A7%9F-%E0%A6%9A%E0%A6%BF%E0%A6%A8%E0%A7%8D%E0%A6%AE%E0%A7%9F-%E0%A6%A6%E0%A6%BE%E0%A6%B8%E0%A6%B8%E0%A6%B9-%E0%A7%A9%E0%A7%AF-%E0%A6%86%E0%A6%B8%E0%A6%BE%E0%A6%AE%E0%A6%BF%E0%A6%B0,24,bn,yes,content_based_simulation,
নির্বাচন,https://www.banglatribune.com/country/dhaka/930508/%E0%A6%86.%E0%A6%B2%E0%A7%80%E0%A6%97%E0%A7%87%E0%A6%B0-%E0%A6%AA%E0%A6%BE%E0%A6%81%E0%A6%9A-%E0%A6%B6%E0%A6%A4%E0%A6%BE%E0%A6%A7%E0%A6%BF%E0%A6%95-%E0%A6%A8%E0%A7%87%E0%A6%A4%E0%A6%BE%E0%A6%95%E0%A6%B0%E0%A7%8D%E0%A6%AE%E0%A7%80-%E0%A6%AF%E0%A7%8B%E0%A6%97-%E0%A6%A6%E0%A6%BF%E0%A6%B2%E0%A7%87%E0%A6%A8-%E0%A6%AC%E0%A6%BF%E0%A6%8F%E0%A6%A8%E0%A6%AA%E0%A6%BF%E0%A6%A4%E0%A7%87,25,bn,yes,content_based_simulation,
নির্বাচন,https://www.banglatribune.com/country/khulna/930504/%E0%A6%A8%E0%A6%BE%E0%A6%9F%E0%A6%95%E0%A7%80%E0%A7%9F%E0%A6%A4%E0%A6%BE%E0%A6%B0-%E0%A6%AA%E0%A6%B0-%E0%A6%AA%E0%A7%8D%E0%A6%B0%E0%A6%BE%E0%A6%B0%E0%A7%8D%E0%A6%A5%E0%A6%BF%E0%A6%A4%E0%A6%BE-%E0%A6%AB%E0%A6%BF%E0%A6%B0%E0%A7%87-%E0%A6%AA%E0%A7%87%E0%A6%B2%E0%A7%87%E0%A6%A8-%E0%A6%9C%E0%A6%BE%E0%A6%AE%E0%A6%BE%E0%A7%9F%E0%A6%BE%E0%A6%A4%E0%A7%87%E0%A6%B0,27,bn,yes,content_based_simulation,
নির্বাচন,https://www.banglatribune.com/country/rangpur/930495/%E0%A6%86%E0%A6%AA%E0%A6%BF%E0%A6%B2%E0%A7%87-%E0%A6%AC%E0%A7%88%E0%A6%A7-%E0%A6%B9%E0%A6%B2%E0%A7%8B-%E0%A6%9C%E0%A6%BE%E0%A6%AE%E0%A6%BE%E0%A7%9F%E0%A6%BE%E0%A6%A4-%E0%A6%AA%E0%A7%8D%E0%A6%B0%E0%A6%BE%E0%A6%B0%E0%A7%8D%E0%A6%A5%E0%A7%80-%E0%A6%B8%E0%A6%BE%E0%A6%B2%E0%A7%87%E0%A6%B9%E0%A7%80%E0%A6%B0-%E0%A6%AE%E0%A6%A8%E0%A7%8B%E0%A6%A8%E0%A7%9F%E0%A6%A8,30,bn,yes,content_based_simulation,
নির্বাচন,https://www.banglatribune.com/country/930488/%E0%A6%9A%E0%A6%9F%E0%A7%8D%E0%A6%9F%E0%A6%97%E0%A7%8D%E0%A6%B0%E0%A6%BE%E0%A6%AE%E0%A7%87-%E0%A6%B8%E0%A6%AE%E0%A6%BE%E0%A6%AC%E0%A7%87%E0%A6%B6%E0%A7%87-%E0%A6%89%E0%A6%AA%E0%A6%B8%E0%A7%8D%E0%A6%A5%E0%A6%BF%E0%A6%A4-%E0%A6%A5%E0%A6%BE%E0%A6%95%E0%A6%AC%E0%A7%87%E0%A6%A8-%E0%A6%A4%E0%A6%BE%E0%A6%B0%E0%A7%87%E0%A6%95-%E0%A6%B0%E0%A6%B9%E0%A6%AE%E0%A6%BE%E0%A6%A8,32,bn,yes,content_based_simulation,
নির্বাচন,https://www.banglatribune.com/country/930433/%E2%80%98%E0%A6%A1%E0%A6%BF%E0%A6%9C%E0%A6%BF%E0%A6%9F%E0%A6%BE%E0%A6%B2-%E0%A6%B8%E0%A6%BF%E0%A6%95%E0%A6%BF%E0%A6%89%E0%A6%B0%E0%A6%BF%E0%A6%9F%E0%A6%BF%E0%A6%B0-%E0%A6%A8%E0%A6%BE%E0%A6%AE%E0%A7%87-%E0%A6%95%E0%A7%8B%E0%A6%A8%E0%A6%93-%E0%A6%B8%E0%A6%BE%E0%A6%82%E0%A6%AC%E0%A6%BE%E0%A6%A6%E0%A6%BF%E0%A6%95%E0%A6%95%E0%A7%87-%E0%A6%9C%E0%A7%87%E0%A6%B2%E0%A7%87,39,bn,yes,content_based_simulation,
নির্বাচন,https://www.banglatribune.com/politics/bnp/930517/%E0%A6%A8%E0%A6%BF%E0%A6%B0%E0%A7%8D%E0%A6%AC%E0%A6%BE%E0%A6%9A%E0%A6%A8-%E0%A6%95%E0%A6%AE%E0%A6%BF%E0%A6%B6%E0%A6%A8-%E0%A6%AE%E0%A7%8B%E0%A6%9F%E0%A6%BE%E0%A6%AE%E0%A7%81%E0%A6%9F%E0%A6%BF-%E0%A6%AF%E0%A7%8B%E0%A6%97%E0%A7%8D%E0%A6%AF%E0%A6%A4%E0%A6%BE%E0%A6%B0-%E0%A6%B8%E0%A6%99%E0%A7%8D%E0%A6%97%E0%A7%87-%E0%A6%95%E0%A6%BE%E0%A6%9C-%E0%A6%95%E0%A6%B0%E0%A6%9B%E0%A7%87,43,bn,yes,content_based_simulation,
নির্বাচন,https://www.banglatribune.com/politics/other-politics/930461/%E0%A6%95%E0%A6%BE%E0%A6%A6%E0%A7%87%E0%A6%B0-%E0%A6%AD%E0%A7%8B%E0%A6%9F-%E0%A6%9F%E0%A6%BE%E0%A6%A8%E0%A6%A4%E0%A7%87-%E0%A6%9A%E0%A6%BE%E0%A7%9F-%E0%A6%A4%E0%A6%BF%E0%A6%A8-%E0%A6%A6%E0%A6%B2%E0%A7%80%E0%A7%9F-%E2%80%98%E0%A6%AC%E0%A7%83%E0%A6%B9%E0%A6%A4%E0%A7%8D%E0%A6%A4%E0%A6%B0-%E0%A6%B8%E0%A7%81%E0%A6%A8%E0%A7%8D%E0%A6%A8%E0%A6%BF,44,bn,yes,content_based_simulation,
নির্বাচন,https://www.banglatribune.com/politics/bnp/930489/%E0%A6%9C%E0%A6%BF%E0%A7%9F%E0%A6%BE%E0%A6%89%E0%A6%B0-%E0%A6%B0%E0%A6%B9%E0%A6%AE%E0%A6%BE%E0%A6%A8%E0%A7%87%E0%A6%B0-%E0%A7%AF%E0%A7%A6%E0%A6%A4%E0%A6%AE-%E0%A6%9C%E0%A6%A8%E0%A7%8D%E0%A6%AE%E0%A6%AC%E0%A6%BE%E0%A6%B0%E0%A7%8D%E0%A6%B7%E0%A6%BF%E0%A6%95%E0%A7%80-%E0%A6%86%E0%A6%9C-%E0%A6%AC%E0%A6%BF%E0%A6%8F%E0%A6%A8%E0%A6%AA%E0%A6%BF%E0%A6%B0-%E0%A6%A6%E0%A7%81%E0%A6%87,45,bn,no,content_based_simulation,
নির্বাচন,https://www.banglatribune.com/politics/bnp/930485/%E0%A6%A8%E0%A6%BF%E0%A6%B0%E0%A7%8D%E0%A6%AC%E0%A6%BE%E0%A6%9A%E0%A6%A8%E0%A6%BF-%E0%A6%AA%E0%A7%8D%E0%A6%B0%E0%A6%9A%E0%A6%BE%E0%A6%B0-%E0%A6%B8%E0%A6%BE%E0%A6%AE%E0%A6%97%E0%A7%8D%E0%A6%B0%E0%A7%80-%E0%A6%AC%E0%A7%8D%E0%A6%AF%E0%A6%AC%E0%A6%B9%E0%A6%BE%E0%A6%B0%E0%A7%87-%E0%A6%A6%E0%A6%B2%E0%A7%80%E0%A7%9F-%E0%A6%AA%E0%A7%8D%E0%A6%B0%E0%A6%BE%E0%A6%B0%E0%A7%8D%E0%A6%A5%E0%A7%80%E0%A6%A6%E0%A7%87%E0%A6%B0,46,bn,yes,content_based_simulation,
নির্বাচন,https://www.banglatribune.com/politics/other-politics/930478/%E2%80%98%E0%A6%A8%E0%A6%BF%E0%A6%B0%E0%A7%8D%E0%A6%AC%E0%A6%BE%E0%A6%9A%E0%A6%A8%E0%A7%87-%E0%A6%85%E0%A6%82%E0%A6%B6-%E0%A6%A8%E0%A7%87%E0%A6%AC%E0%A7%87-%E0%A6%95%E0%A6%BF%E0%A6%A8%E0%A6%BE-%E0%A6%AC%E0%A6%BF%E0%A6%AC%E0%A7%87%E0%A6%9A%E0%A6%A8%E0%A6%BE-%E0%A6%95%E0%A6%B0%E0%A6%9B%E0%A7%87-%E0%A6%8F%E0%A6%A8%E0%A6%B8%E0%A6%BF%E0%A6%AA%E0%A6%BF%E2%80%99,47,bn,yes,content_based_simulation,
নির্বাচন,https://www.banglatribune.com/politics/other-politics/930474/%E0%A6%8F%E0%A6%A8%E0%A6%B8%E0%A6%BF%E0%A6%AA%E0%A6%BF%E0%A6%B0-%E0%A6%B0%E0%A6%BE%E0%A6%9C%E0%A6%A8%E0%A7%88%E0%A6%A4%E0%A6%BF%E0%A6%95-%E0%A6%B2%E0%A6%BF%E0%A6%AF%E0%A6%BC%E0%A6%BE%E0%A6%9C%E0%A7%8B%E0%A6%81-%E0%A6%89%E0%A6%AA-%E0%A6%95%E0%A6%AE%E0%A6%BF%E0%A6%9F%E0%A6%BF-%E0%A6%97%E0%A6%A0%E0%A6%A8,48,bn,yes,content_based_simulation,
নির্বাচন,https://www.banglatribune.com/politics/other-politics/930468/%E0%A6%B8%E0%A6%BE%E0%A6%AE%E0%A7%8D%E0%A6%AA%E0%A7%8D%E0%A6%B0%E0%A6%A6%E0%A6%BE%E0%A6%AF%E0%A6%BC%E0%A6%BF%E0%A6%95-%E0%A6%B8%E0%A6%AE%E0%A7%8D%E0%A6%AA%E0%A7%8D%E0%A6%B0%E0%A7%80%E0%A6%A4%E0%A6%BF%E0%A6%B0-%E0%A6%AE%E0%A6%A7%E0%A7%8D%E0%A6%AF%E0%A7%87%E0%A6%87-%E0%A6%AC%E0%A6%BE%E0%A6%82%E0%A6%B2%E0%A6%BE%E0%A6%A6%E0%A7%87%E0%A6%B6%E0%A7%87%E0%A6%B0,49,bn,yes,content_based_simulation,
নির্বাচন,https://www.banglatribune.com/politics/other-politics/930465/%E0%A6%A8%E0%A6%BF%E0%A6%B0%E0%A7%8D%E0%A6%AC%E0%A6%BE%E0%A6%9A%E0%A6%A8%E0%A6%BF-%E0%A6%86%E0%A6%9A%E0%A6%B0%E0%A6%A3%E0%A6%AC%E0%A6%BF%E0%A6%A7%E0%A6%BF-%E0%A6%B2%E0%A6%99%E0%A7%8D%E0%A6%98%E0%A6%A8-%E0%A6%8F%E0%A6%A8%E0%A6%B8%E0%A6%BF%E0%A6%AA%E0%A6%BF-%E0%A6%AA%E0%A7%8D%E0%A6%B0%E0%A6%BE%E0%A6%B0%E0%A7%8D%E0%A6%A5%E0%A7%80,50,bn,yes,content_based_simulation,
নির্বাচন,https://www.banglatribune.com/politics/bnp/930464/%E0%A6%9B%E0%A6%BE%E0%A6%A4%E0%A7%8D%E0%A6%B0%E0%A6%A6%E0%A6%B2%E0%A7%87%E0%A6%B0-%E0%A6%87%E0%A6%B8%E0%A6%BF-%E0%A6%98%E0%A7%87%E0%A6%B0%E0%A6%BE%E0%A6%93-%E0%A6%95%E0%A6%B0%E0%A7%8D%E0%A6%AE%E0%A6%B8%E0%A7%82%E0%A6%9A%E0%A6%BF-%E0%A6%9A%E0%A6%B2%E0%A6%AC%E0%A7%87,51,bn,yes,content_based_simulation,
নির্বাচন,https://www.banglatribune.com/politics/bnp/930453/%E0%A6%87%E0%A6%B8%E0%A6%BF%E0%A6%B0-%E0%A6%95%E0%A6%A4%E0%A6%BF%E0%A6%AA%E0%A7%9F%C2%A0-%E0%A6%95%E0%A6%B0%E0%A7%8D%E0%A6%AE%E0%A6%95%E0%A6%B0%E0%A7%8D%E0%A6%A4%E0%A6%BE-%E0%A6%A8%E0%A6%BF%E0%A6%B0%E0%A7%8D%E0%A6%A6%E0%A6%BF%E0%A6%B7%E0%A7%8D%E0%A6%9F-%E0%A6%A6%E0%A6%B2%E0%A7%87%E0%A6%B0-%E0%A6%B9%E0%A7%9F%E0%A7%87-%E0%A6%95%E0%A6%BE%E0%A6%9C,54,bn,yes,content_based_simulation,
নির্বাচন,https://www.banglatribune.com/foreign/asia/930469/%E0%A6%AE%E0%A6%BE%E0%A6%B0%E0%A7%8D%E0%A6%95%E0%A6%BF%E0%A6%A8-%E0%A6%9A%E0%A6%BE%E0%A6%AA%E0%A7%87-%E0%A6%87%E0%A6%B0%E0%A6%BE%E0%A6%A8%E0%A7%87%E0%A6%B0-%E0%A6%9A%E0%A6%BE%E0%A6%AC%E0%A6%BE%E0%A6%B9%E0%A6%BE%E0%A6%B0-%E0%A6%AC%E0%A6%A8%E0%A7%8D%E0%A6%A6%E0%A6%B0-%E0%A6%A5%E0%A7%87%E0%A6%95%E0%A7%87-%E0%A6%95%E0%A6%BF-%E0%A6%B8%E0%A6%B0%E0%A7%87,64,bn,no,content_based_simulation,
নির্বাচন,https://www.banglatribune.com/foreign/asia/930395/%E0%A6%87%E0%A6%A8%E0%A7%8D%E0%A6%A6%E0%A7%8B%E0%A6%A8%E0%A7%87%E0%A6%B6%E0%A6%BF%E0%A6%AF%E0%A6%BC%E0%A6%BE%E0%A6%A4%E0%A7%87-%E0%A6%A8%E0%A6%BF%E0%A6%96%E0%A7%8B%E0%A6%81%E0%A6%9C-%E0%A6%A8%E0%A6%9C%E0%A6%B0%E0%A6%A6%E0%A6%BE%E0%A6%B0%E0%A6%BF-%E0%A6%AC%E0%A6%BF%E0%A6%AE%E0%A6%BE%E0%A6%A8%E0%A7%87%E0%A6%B0-%E0%A6%A7%E0%A7%8D%E0%A6%AC%E0%A6%82%E0%A6%B8%E0%A6%BE%E0%A6%AC%E0%A6%B6%E0%A7%87%E0%A6%B7,71,bn,no,content_based_simulation,
নির্বাচন,https://www.banglatribune.com/foreign/europe/930386/%E0%A6%97%E0%A7%8D%E0%A6%B0%E0%A6%BF%E0%A6%A8%E0%A6%B2%E0%A7%8D%E0%A6%AF%E0%A6%BE%E0%A6%A8%E0%A7%8D%E0%A6%A1-%E0%A6%87%E0%A6%B8%E0%A7%8D%E0%A6%AF%E0%A7%81%E0%A6%A4%E0%A7%87-%E0%A6%86%E0%A6%9F-%E0%A6%87%E0%A6%89%E0%A6%B0%E0%A7%8B%E0%A6%AA%E0%A7%80%E0%A7%9F-%E0%A6%A6%E0%A7%87%E0%A6%B6%E0%A7%87%E0%A6%B0-%E0%A6%93%E0%A6%AA%E0%A6%B0-%E0%A6%B6%E0%A7%81%E0%A6%B2%E0%A7%8D%E0%A6%95,73,bn,no,content_based_simulation,
নির্বাচন,https://www.banglatribune.com/business/news/930314/%E0%A6%8F%E0%A6%9C%E0%A7%87%E0%A6%A8%E0%A7%8D%E0%A6%9F%E0%A6%A8%E0%A6%BF%E0%A6%B0%E0%A7%8D%E0%A6%AD%E0%A6%B0-%E0%A6%AC%E0%A6%BF%E0%A6%AE%E0%A6%BE-%E0%A6%AE%E0%A6%A1%E0%A7%87%E0%A6%B2-%E0%A6%95%E0%A6%AE%E0%A6%BF%E0%A6%B6%E0%A6%A8%E0%A7%87%E0%A6%B0-%E0%A6%B2%E0%A7%8B%E0%A6%AD%E0%A7%87-%E0%A6%AA%E0%A6%B2%E0%A6%BF%E0%A6%B8%E0%A6%BF-%E0%A6%AC%E0%A6%BF%E0%A6%95%E0%A7%8D%E0%A6%B0%E0%A6%BF,82,bn,yes,content_based_simulation,
নির্বাচন,https://www.banglatribune.com/business/news/930241/%E0%A6%A6%E0%A7%87%E0%A6%A6%E0%A6%BE%E0%A6%B0%E0%A6%B8%E0%A7%87-%E0%A6%B2%E0%A7%81%E0%A6%9F%E0%A6%AA%E0%A6%BE%E0%A6%9F-%E0%A6%95%E0%A6%B0%E0%A7%87%E0%A6%9B%E0%A7%87%E0%A6%A8-%E0%A6%AC%E0%A6%BF%E0%A6%AE%E0%A6%BE-%E0%A6%95%E0%A7%8B%E0%A6%AE%E0%A7%8D%E0%A6%AA%E0%A6%BE%E0%A6%A8%E0%A6%BF%E0%A6%B0-%E0%A6%AE%E0%A6%BE%E0%A6%B2%E0%A6%BF%E0%A6%95%E0%A6%B0%E0%A6%BE,92,bn,yes,content_based_simulation,
নির্বাচন,https://www.banglatribune.com/business/news/925319/%E0%A6%AA%E0%A7%87%E0%A6%81%E0%A7%9F%E0%A6%BE%E0%A6%9C%E0%A7%87%E0%A6%B0-%E0%A6%95%E0%A7%87%E0%A6%9C%E0%A6%BF-%E0%A6%9B%E0%A6%BE%E0%A7%9C%E0%A6%BF%E0%A7%9F%E0%A7%87%E0%A6%9B%E0%A7%87-%E0%A7%A7%E0%A7%AB%E0%A7%A6-%E0%A6%9F%E0%A6%BE%E0%A6%95%E0%A6%BE-%E0%A6%B8%E0%A6%AC%E0%A6%9C%E0%A6%BF%E0%A6%93-%E0%A6%A8%E0%A6%BE%E0%A6%97%E0%A6%BE%E0%A6%B2%E0%A7%87%E0%A6%B0,95,bn,no,content_based_simulation,
নির্বাচন,https://www.banglatribune.com/business/news/928193/%E0%A6%95%E0%A6%BE%E0%A6%81%E0%A6%9A%E0%A6%BE%E0%A6%AE%E0%A6%BE%E0%A6%B2-%E0%A6%86%E0%A6%AE%E0%A6%A6%E0%A6%BE%E0%A6%A8%E0%A6%BF-%E0%A6%A6%E0%A7%87%E0%A6%B0%E0%A6%BF%E0%A6%A4%E0%A7%87-%E0%A6%AE%E0%A7%82%E0%A6%B2%E0%A7%8D%E0%A6%AF-%E0%A6%AA%E0%A6%B0%E0%A6%BF%E0%A6%B6%E0%A7%8B%E0%A6%A7%E0%A7%87-%E0%A6%B8%E0%A7%81%E0%A6%AC%E0%A6%BF%E0%A6%A7%E0%A6%BE%E0%A6%B0,98,bn,no,content_based_simulation,
বিএনপি,https://www.banglatribune.com/national/930500/%E0%A6%A8%E0%A6%BF%E0%A6%B0%E0%A7%8D%E0%A6%AC%E0%A6%BE%E0%A6%9A%E0%A6%A8%E0%A7%87%E0%A6%B0-%E0%A6%AE%E0%A6%BE%E0%A6%A0-%E0%A6%A5%E0%A7%87%E0%A6%95%E0%A7%87-%E0%A6%9B%E0%A6%BF%E0%A6%9F%E0%A6%95%E0%A7%87-%E0%A6%AA%E0%A7%9C%E0%A6%B2%E0%A7%8B-%E0%A6%A6%E0%A7%87%E0%A7%9C%E0%A6%B6%E0%A7%8B-%E0%A6%AA%E0%A7%8D%E0%A6%B0%E0%A6%BE%E0%A6%B0%E0%A7%8D%E0%A6%A5%E0%A7%80,0,bn,yes,content_based_simulation,
বিএনপি,https://www.banglatribune.com/country/dhaka/930520/%E0%A6%B8%E0%A6%BF%E0%A6%82%E0%A6%97%E0%A6%BE%E0%A6%87%E0%A6%B0%E0%A7%87-%E0%A6%9A%E0%A7%8B%E0%A6%B0-%E0%A6%B8%E0%A6%A8%E0%A7%8D%E0%A6%A6%E0%A7%87%E0%A6%B9%E0%A7%87-%E0%A6%AA%E0%A6%BF%E0%A6%9F%E0%A7%81%E0%A6%A8%E0%A6%BF%E0%A6%A4%E0%A7%87-%E0%A7%A8-%E0%A6%9C%E0%A6%A8-%E0%A6%A8%E0%A6%BF%E0%A6%B9%E0%A6%A4,1,bn,no,content_based_simulation,
বিএনপি,https://www.banglatribune.com/politics/bnp/930518/%E0%A6%9C%E0%A6%BF%E0%A6%AF%E0%A6%BC%E0%A6%BE%E0%A6%89%E0%A6%B0-%E0%A6%B0%E0%A6%B9%E0%A6%AE%E0%A6%BE%E0%A6%A8%E0%A7%87%E0%A6%B0-%E0%A6%9C%E0%A6%A8%E0%A7%8D%E0%A6%AE%E0%A6%AC%E0%A6%BE%E0%A6%B0%E0%A7%8D%E0%A6%B7%E0%A6%BF%E0%A6%95%E0%A7%80-%E0%A6%AA%E0%A6%BE%E0%A6%B2%E0%A6%A8-%E0%A6%B8%E0%A6%AE%E0%A6%BE%E0%A6%A7%E0%A6%BF-%E0%A6%AA%E0%A7%8D%E0%A6%B0%E0%A6%BE%E0%A6%99%E0%A7%8D%E0%A6%97%E0%A6%A3%E0%A7%87,2,bn,yes,content_based_simulation,
বিএনপি,https://www.banglatribune.com/business/power-and-fuel/930505/%E0%A6%B8%E0%A6%82%E0%A6%95%E0%A6%9F-%E0%A6%95%E0%A6%BE%E0%A6%9F%E0%A6%BE%E0%A6%A4%E0%A7%87-%E0%A6%8F%E0%A6%B2%E0%A6%AA%E0%A6%BF%E0%A6%9C%E0%A6%BF-%E0%A6%86%E0%A6%A8%E0%A6%A4%E0%A7%87-%E0%A6%AF%E0%A6%BE%E0%A6%9A%E0%A7%8D%E0%A6%9B%E0%A7%87-%E0%A6%AC%E0%A6%BF%E0%A6%AA%E0%A6%BF%E0%A6%B8%E0%A6%BF,4,bn,no,content_based_simulation,
বিএনপি,https://www.banglatribune.com/national/930492/%E0%A6%87%E0%A6%B8%E0%A6%BF%E0%A6%B0-%E0%A6%AC%E0%A6%BF%E0%A6%B0%E0%A7%81%E0%A6%A6%E0%A7%8D%E0%A6%A7%E0%A7%87-%E0%A6%AA%E0%A6%95%E0%A7%8D%E0%A6%B7%E0%A6%AA%E0%A6%BE%E0%A6%A4%E0%A6%A6%E0%A7%81%E0%A6%B7%E0%A7%8D%E0%A6%9F%E0%A6%A4%E0%A6%BE%E0%A6%B0-%E0%A6%85%E0%A6%AD%E0%A6%BF%E0%A6%AF%E0%A7%8B%E0%A6%97-%E0%A6%B6%E0%A7%81%E0%A6%A8%E0%A6%BE%E0%A6%A8%E0%A6%BF-%E0%A6%B6%E0%A7%87%E0%A6%B7%E0%A7%87,5,bn,yes,content_based_simulation,
বিএনপি,https://www.banglatribune.com/national/930432/%E2%80%98%E0%A6%B9%E0%A7%8D%E0%A6%AF%E0%A6%BE%E0%A6%81%E2%80%99-%E0%A6%AD%E0%A7%8B%E0%A6%9F%E0%A7%87%E0%A6%B0-%E0%A6%AA%E0%A6%95%E0%A7%8D%E0%A6%B7%E0%A7%87-%E0%A6%85%E0%A6%AC%E0%A6%B8%E0%A7%8D%E0%A6%A5%E0%A6%BE%E0%A6%A8-%E0%A6%A8%E0%A7%87%E0%A6%93%E0%A7%9F%E0%A6%BE%E0%A6%B0-%E0%A6%95%E0%A6%BE%E0%A6%B0%E0%A6%A3-%E0%A6%9C%E0%A6%BE%E0%A6%A8%E0%A6%BE%E0%A6%B2%E0%A7%8B,11,bn,no,content_based_simulation,
বিএনপি,https://www.banglatribune.com/national/930351/%E0%A6%A8%E0%A6%BF%E0%A6%B0%E0%A7%8D%E0%A6%AC%E0%A6%BE%E0%A6%9A%E0%A6%A8%E0%A6%BF-%E0%A6%A6%E0%A6%BE%E0%A7%9F%E0%A6%BF%E0%A6%A4%E0%A7%8D%E0%A6%AC-%E0%A6%AA%E0%A6%BE%E0%A6%B2%E0%A6%A8%E0%A7%87-%E0%A6%85%E0%A6%A8%E0%A7%80%E0%A6%B9%E0%A6%BE-%E0%A6%93-%E0%A6%B6%E0%A7%88%E0%A6%A5%E0%A6%BF%E0%A6%B2%E0%A7%8D%E0%A6%AF-%E0%A6%A6%E0%A7%87%E0%A6%96%E0%A6%BE%E0%A6%B2%E0%A7%87,16,bn,no,content_based_simulation,
বিএনপি,https://www.banglatribune.com/national/930329/%E0%A6%9F%E0%A6%BF%E0%A6%95%E0%A7%87-%E0%A6%97%E0%A7%87%E0%A6%B2%E0%A7%87%E0%A6%A8-%E0%A6%B9%E0%A6%BE%E0%A6%B8%E0%A6%A8%E0%A6%BE%E0%A6%A4-%E0%A6%AC%E0%A6%BE%E0%A6%A6-%E0%A6%AA%E0%A7%9C%E0%A6%B2%E0%A7%87%E0%A6%A8-%E0%A6%AE%E0%A6%9E%E0%A7%8D%E0%A6%9C%E0%A7%81%E0%A6%B0%E0%A7%81%E0%A6%B2%C2%A0,19,bn,yes,content_based_simulation,
বিএনপি,https://www.banglatribune.com/national/930316/%E0%A6%86%E0%A6%AE%E0%A6%B0%E0%A6%BE-%E0%A6%AA%E0%A6%B0%E0%A7%8D%E0%A6%AF%E0%A6%AC%E0%A7%87%E0%A6%95%E0%A7%8D%E0%A6%B7%E0%A6%A3-%E0%A6%95%E0%A6%B0%E0%A6%AC%E0%A7%8B-%E0%A6%B9%E0%A6%B8%E0%A7%8D%E0%A6%A4%E0%A6%95%E0%A7%8D%E0%A6%B7%E0%A7%87%E0%A6%AA-%E0%A6%A8%E0%A7%9F-%E0%A6%87%E0%A6%87%E0%A6%89-%E0%A6%A8%E0%A6%BF%E0%A6%B0%E0%A7%8D%E0%A6%AC%E0%A6%BE%E0%A6%9A%E0%A6%A8,20,bn,no,content_based_simulation,
বিএনপি,https://www.banglatribune.com/national/930308/%E0%A6%87%E0%A6%B8%E0%A6%BF%E0%A6%B0-%E0%A6%B6%E0%A7%81%E0%A6%A8%E0%A6%BE%E0%A6%A8%E0%A6%BF%E0%A6%A4%E0%A7%87-%E0%A6%B9%E0%A6%9F%E0%A7%8D%E0%A6%9F%E0%A6%97%E0%A7%8B%E0%A6%B2,21,bn,yes,content_based_simulation,
বিএনপি,https://www.banglatribune.com/country/dhaka/930508/%E0%A6%86.%E0%A6%B2%E0%A7%80%E0%A6%97%E0%A7%87%E0%A6%B0-%E0%A6%AA%E0%A6%BE%E0%A6%81%E0%A6%9A-%E0%A6%B6%E0%A6%A4%E0%A6%BE%E0%A6%A7%E0%A6%BF%E0%A6%95-%E0%A6%A8%E0%A7%87%E0%A6%A4%E0%A6%BE%E0%A6%95%E0%A6%B0%E0%A7%8D%E0%A6%AE%E0%A7%80-%E0%A6%AF%E0%A7%8B%E0%A6%97-%E0%A6%A6%E0%A6%BF%E0%A6%B2%E0%A7%87%E0%A6%A8-%E0%A6%AC%E0%A6%BF%E0%A6%8F%E0%A6%A8%E0%A6%AA%E0%A6%BF%E0%A6%A4%E0%A7%87,25,bn,yes,content_based_simulation,
বিএনপি,https://www.banglatribune.com/country/rangpur/930495/%E0%A6%86%E0%A6%AA%E0%A6%BF%E0%A6%B2%E0%A7%87-%E0%A6%AC%E0%A7%88%E0%A6%A7-%E0%A6%B9%E0%A6%B2%E0%A7%8B-%E0%A6%9C%E0%A6%BE%E0%A6%AE%E0%A6%BE%E0%A7%9F%E0%A6%BE%E0%A6%A4-%E0%A6%AA%E0%A7%8D%E0%A6%B0%E0%A6%BE%E0%A6%B0%E0%A7%8D%E0%A6%A5%E0%A7%80-%E0%A6%B8%E0%A6%BE%E0%A6%B2%E0%A7%87%E0%A6%B9%E0%A7%80%E0%A6%B0-%E0%A6%AE%E0%A6%A8%E0%A7%8B%E0%A6%A8%E0%A7%9F%E0%A6%A8,30,bn,yes,content_based_simulation,
বিএনপি,https://www.banglatribune.com/country/930488/%E0%A6%9A%E0%A6%9F%E0%A7%8D%E0%A6%9F%E0%A6%97%E0%A7%8D%E0%A6%B0%E0%A6%BE%E0%A6%AE%E0%A7%87-%E0%A6%B8%E0%A6%AE%E0%A6%BE%E0%A6%AC%E0%A7%87%E0%A6%B6%E0%A7%87-%E0%A6%89%E0%A6%AA%E0%A6%B8%E0%A7%8D%E0%A6%A5%E0%A6%BF%E0%A6%A4-%E0%A6%A5%E0%A6%BE%E0%A6%95%E0%A6%AC%E0%A7%87%E0%A6%A8-%E0%A6%A4%E0%A6%BE%E0%A6%B0%E0%A7%87%E0%A6%95-%E0%A6%B0%E0%A6%B9%E0%A6%AE%E0%A6%BE%E0%A6%A8,32,bn,yes,content_based_simulation,
বিএনপি,https://www.banglatribune.com/country/930486/%E0%A6%AC%E0%A6%A1%E0%A6%BC%E0%A6%AA%E0%A7%81%E0%A6%95%E0%A7%81%E0%A6%B0%E0%A6%BF%E0%A6%AF%E0%A6%BC%E0%A6%BE-%E0%A6%A4%E0%A6%BE%E0%A6%AA-%E0%A6%AC%E0%A6%BF%E0%A6%A6%E0%A7%8D%E0%A6%AF%E0%A7%81%E0%A7%8E%E0%A6%95%E0%A7%87%E0%A6%A8%E0%A7%8D%E0%A6%A6%E0%A7%8D%E0%A6%B0%E0%A7%87%E0%A6%B0-%E0%A6%89%E0%A7%8E%E0%A6%AA%E0%A6%BE%E0%A6%A6%E0%A6%A8-%E0%A6%AC%E0%A6%A8%E0%A7%8D%E0%A6%A7,33,bn,no,content_based_simulation,
বিএনপি,https://www.banglatribune.com/country/930481/%E2%80%98%E0%A6%86.%E0%A6%B2%E0%A7%80%E0%A6%97-%E0%A6%A8%E0%A7%87%E0%A6%A4%E0%A6%BE%E0%A6%95%E0%A6%B0%E0%A7%8D%E0%A6%AE%E0%A7%80%E0%A6%B0%E0%A6%BE-%E0%A6%AC%E0%A7%81%E0%A6%95-%E0%A6%AB%E0%A7%81%E0%A6%B2%E0%A6%BF%E0%A7%9F%E0%A7%87-%E0%A6%9A%E0%A6%B2%E0%A6%BE%E0%A6%AB%E0%A7%87%E0%A6%B0%E0%A6%BE-%E0%A6%95%E0%A6%B0%E0%A6%AC%E0%A7%87%E0%A6%A8-%E0%A6%95%E0%A7%87%E0%A6%89,34,bn,yes,content_based_simulation,
বিএনপি,https://www.banglatribune.com/country/930466/%E0%A6%B9%E0%A6%A4%E0%A7%8D%E0%A6%AF%E0%A6%BE%E0%A6%B0-%E0%A6%B9%E0%A7%81%E0%A6%AE%E0%A6%95%E0%A6%BF-%E0%A6%AA%E0%A6%BE%E0%A6%93%E0%A7%9F%E0%A6%BE%E0%A6%B0-%E0%A6%95%E0%A6%A5%E0%A6%BE-%E0%A6%9C%E0%A6%BE%E0%A6%A8%E0%A6%BF%E0%A7%9F%E0%A7%87-%E0%A6%86%E0%A6%AE%E0%A6%BF%E0%A6%B0-%E0%A6%B9%E0%A6%BE%E0%A6%AE%E0%A6%9C%E0%A6%BE-%E0%A6%AC%E0%A6%B2%E0%A6%B2%E0%A7%87%E0%A6%A8,35,bn,yes,content_based_simulation,
বিএনপি,https://www.banglatribune.com/country/930458/%E0%A6%B0%E0%A6%BE%E0%A6%9C%E0%A6%B6%E0%A6%BE%E0%A6%B9%E0%A7%80%E0%A6%A4%E0%A7%87-%E0%A6%A6%E0%A7%81%E0%A6%9F%E0%A6%BF-%E0%A6%AC%E0%A6%BF%E0%A6%A6%E0%A7%87%E0%A6%B6%E0%A6%BF-%E0%A6%AA%E0%A6%BF%E0%A6%B8%E0%A7%8D%E0%A6%A4%E0%A6%B2-%E0%A6%93-%E0%A6%97%E0%A7%81%E0%A6%B2%E0%A6%BF-%E0%A6%89%E0%A6%A6%E0%A7%8D%E0%A6%A7%E0%A6%BE%E0%A6%B0,36,bn,no,content_based_simulation,
বিএনপি,https://www.banglatribune.com/country/930443/%E0%A6%95%E0%A6%BE%E0%A6%B2-%E0%A6%A5%E0%A7%87%E0%A6%95%E0%A7%87-%E0%A6%95%E0%A6%BE%E0%A6%9C%E0%A7%87-%E0%A6%AF%E0%A7%8B%E0%A6%97-%E0%A6%A6%E0%A7%87%E0%A6%AC%E0%A7%87%E0%A6%A8-%E0%A6%93%E0%A6%B8%E0%A6%AE%E0%A6%BE%E0%A6%A8%E0%A7%80%E0%A6%B0-%E0%A6%87%E0%A6%A8%E0%A7%8D%E0%A6%9F%E0%A6%BE%E0%A6%B0%E0%A7%8D%E0%A6%A8-%E0%A6%9A%E0%A6%BF%E0%A6%95%E0%A6%BF%E0%A7%8E%E0%A6%B8%E0%A6%95%E0%A6%B0%E0%A6%BE,38,bn,no,content_based_simulation,
বিএনপি,https://www.banglatribune.com/politics/bnp/930525/%E0%A6%A4%E0%A6%BE%E0%A6%B0%E0%A7%87%E0%A6%95-%E0%A6%B0%E0%A6%B9%E0%A6%AE%E0%A6%BE%E0%A6%A8%E0%A7%87%E0%A6%B0-%E0%A6%B8%E0%A6%99%E0%A7%8D%E0%A6%97%E0%A7%87-%E0%A6%95%E0%A6%BE%E0%A6%A8%E0%A6%BE%E0%A6%A1%E0%A6%BE%E0%A6%B0-%E0%A6%B9%E0%A6%BE%E0%A6%87%E0%A6%95%E0%A6%AE%E0%A6%BF%E0%A6%B6%E0%A6%A8%E0%A6%BE%E0%A6%B0%E0%A7%87%E0%A6%B0-%E0%A6%B8%E0%A6%BE%E0%A6%95%E0%A7%8D%E0%A6%B7%E0%A6%BE%E0%A7%8E%C2%A0,42,bn,yes,content_based_simulation,
বিএনপি,https://www.banglatribune.com/politics/bnp/930517/%E0%A6%A8%E0%A6%BF%E0%A6%B0%E0%A7%8D%E0%A6%AC%E0%A6%BE%E0%A6%9A%E0%A6%A8-%E0%A6%95%E0%A6%AE%E0%A6%BF%E0%A6%B6%E0%A6%A8-%E0%A6%AE%E0%A7%8B%E0%A6%9F%E0%A6%BE%E0%A6%AE%E0%A7%81%E0%A6%9F%E0%A6%BF-%E0%A6%AF%E0%A7%8B%E0%A6%97%E0%A7%8D%E0%A6%AF%E0%A6%A4%E0%A6%BE%E0%A6%B0-%E0%A6%B8%E0%A6%99%E0%A7%8D%E0%A6%97%E0%A7%87-%E0%A6%95%E0%A6%BE%E0%A6%9C-%E0%A6%95%E0%A6%B0%E0%A6%9B%E0%A7%87,43,bn,yes,content_based_simulation,
বিএনপি,https://www.banglatribune.com/politics/other-politics/930461/%E0%A6%95%E0%A6%BE%E0%A6%A6%E0%A7%87%E0%A6%B0-%E0%A6%AD%E0%A7%8B%E0%A6%9F-%E0%A6%9F%E0%A6%BE%E0%A6%A8%E0%A6%A4%E0%A7%87-%E0%A6%9A%E0%A6%BE%E0%A7%9F-%E0%A6%A4%E0%A6%BF%E0%A6%A8-%E0%A6%A6%E0%A6%B2%E0%A7%80%E0%A7%9F-%E2%80%98%E0%A6%AC%E0%A7%83%E0%A6%B9%E0%A6%A4%E0%A7%8D%E0%A6%A4%E0%A6%B0-%E0%A6%B8%E0%A7%81%E0%A6%A8%E0%A7%8D%E0%A6%A8%E0%A6%BF,44,bn,yes,content_based_simulation,
বিএনপি,https://www.banglatribune.com/politics/bnp/930489/%E0%A6%9C%E0%A6%BF%E0%A7%9F%E0%A6%BE%E0%A6%89%E0%A6%B0-%E0%A6%B0%E0%A6%B9%E0%A6%AE%E0%A6%BE%E0%A6%A8%E0%A7%87%E0%A6%B0-%E0%A7%AF%E0%A7%A6%E0%A6%A4%E0%A6%AE-%E0%A6%9C%E0%A6%A8%E0%A7%8D%E0%A6%AE%E0%A6%AC%E0%A6%BE%E0%A6%B0%E0%A7%8D%E0%A6%B7%E0%A6%BF%E0%A6%95%E0%A7%80-%E0%A6%86%E0%A6%9C-%E0%A6%AC%E0%A6%BF%E0%A6%8F%E0%A6%A8%E0%A6%AA%E0%A6%BF%E0%A6%B0-%E0%A6%A6%E0%A7%81%E0%A6%87,45,bn,yes,content_based_simulation,
বিএনপি,https://www.banglatribune.com/politics/bnp/930485/%E0%A6%A8%E0%A6%BF%E0%A6%B0%E0%A7%8D%E0%A6%AC%E0%A6%BE%E0%A6%9A%E0%A6%A8%E0%A6%BF-%E0%A6%AA%E0%A7%8D%E0%A6%B0%E0%A6%9A%E0%A6%BE%E0%A6%B0-%E0%A6%B8%E0%A6%BE%E0%A6%AE%E0%A6%97%E0%A7%8D%E0%A6%B0%E0%A7%80-%E0%A6%AC%E0%A7%8D%E0%A6%AF%E0%A6%AC%E0%A6%B9%E0%A6%BE%E0%A6%B0%E0%A7%87-%E0%A6%A6%E0%A6%B2%E0%A7%80%E0%A7%9F-%E0%A6%AA%E0%A7%8D%E0%A6%B0%E0%A6%BE%E0%A6%B0%E0%A7%8D%E0%A6%A5%E0%A7%80%E0%A6%A6%E0%A7%87%E0%A6%B0,46,bn,yes,content_based_simulation,
বিএনপি,https://www.banglatribune.com/politics/other-politics/930478/%E2%80%98%E0%A6%A8%E0%A6%BF%E0%A6%B0%E0%A7%8D%E0%A6%AC%E0%A6%BE%E0%A6%9A%E0%A6%A8%E0%A7%87-%E0%A6%85%E0%A6%82%E0%A6%B6-%E0%A6%A8%E0%A7%87%E0%A6%AC%E0%A7%87-%E0%A6%95%E0%A6%BF%E0%A6%A8%E0%A6%BE-%E0%A6%AC%E0%A6%BF%E0%A6%AC%E0%A7%87%E0%A6%9A%E0%A6%A8%E0%A6%BE-%E0%A6%95%E0%A6%B0%E0%A6%9B%E0%A7%87-%E0%A6%8F%E0%A6%A8%E0%A6%B8%E0%A6%BF%E0%A6%AA%E0%A6%BF%E2%80%99,47,bn,yes,content_based_simulation,
বিএনপি,https://www.banglatribune.com/politics/other-politics/930474/%E0%A6%8F%E0%A6%A8%E0%A6%B8%E0%A6%BF%E0%A6%AA%E0%A6%BF%E0%A6%B0-%E0%A6%B0%E0%A6%BE%E0%A6%9C%E0%A6%A8%E0%A7%88%E0%A6%A4%E0%A6%BF%E0%A6%95-%E0%A6%B2%E0%A6%BF%E0%A6%AF%E0%A6%BC%E0%A6%BE%E0%A6%9C%E0%A7%8B%E0%A6%81-%E0%A6%89%E0%A6%AA-%E0%A6%95%E0%A6%AE%E0%A6%BF%E0%A6%9F%E0%A6%BF-%E0%A6%97%E0%A6%A0%E0%A6%A8,48,bn,no,content_based_simulation,
বিএনপি,https://www.banglatribune.com/politics/other-politics/930468/%E0%A6%B8%E0%A6%BE%E0%A6%AE%E0%A7%8D%E0%A6%AA%E0%A7%8D%E0%A6%B0%E0%A6%A6%E0%A6%BE%E0%A6%AF%E0%A6%BC%E0%A6%BF%E0%A6%95-%E0%A6%B8%E0%A6%AE%E0%A7%8D%E0%A6%AA%E0%A7%8D%E0%A6%B0%E0%A7%80%E0%A6%A4%E0%A6%BF%E0%A6%B0-%E0%A6%AE%E0%A6%A7%E0%A7%8D%E0%A6%AF%E0%A7%87%E0%A6%87-%E0%A6%AC%E0%A6%BE%E0%A6%82%E0%A6%B2%E0%A6%BE%E0%A6%A6%E0%A7%87%E0%A6%B6%E0%A7%87%E0%A6%B0,49,bn,yes,content_based_simulation,
বিএনপি,https://www.banglatribune.com/politics/jamat-e-islam/930462/%E0%A6%8F%E0%A6%95%E0%A6%9F%E0%A6%BF-%E0%A6%A6%E0%A6%B2%E0%A7%87%E0%A6%B0-%E0%A6%AA%E0%A7%8D%E0%A6%B0%E0%A6%A7%E0%A6%BE%E0%A6%A8%E0%A6%95%E0%A7%87-%E0%A6%A8%E0%A6%BF%E0%A7%9F%E0%A7%87-%E0%A6%B8%E0%A6%B0%E0%A6%95%E0%A6%BE%E0%A6%B0-%E0%A6%AC%E0%A6%BE%E0%A7%9C%E0%A6%BE%E0%A6%AC%E0%A6%BE%E0%A7%9C%E0%A6%BF-%E0%A6%95%E0%A6%B0%E0%A6%9B%E0%A7%87,52,bn,no,content_based_simulation,
বিএনপি,https://www.banglatribune.com/politics/bnp/930453/%E0%A6%87%E0%A6%B8%E0%A6%BF%E0%A6%B0-%E0%A6%95%E0%A6%A4%E0%A6%BF%E0%A6%AA%E0%A7%9F%C2%A0-%E0%A6%95%E0%A6%B0%E0%A7%8D%E0%A6%AE%E0%A6%95%E0%A6%B0%E0%A7%8D%E0%A6%A4%E0%A6%BE-%E0%A6%A8%E0%A6%BF%E0%A6%B0%E0%A7%8D%E0%A6%A6%E0%A6%BF%E0%A6%B7%E0%A7%8D%E0%A6%9F-%E0%A6%A6%E0%A6%B2%E0%A7%87%E0%A6%B0-%E0%A6%B9%E0%A7%9F%E0%A7%87-%E0%A6%95%E0%A6%BE%E0%A6%9C,54,bn,yes,content_based_simulation,
বিএনপি,https://www.banglatribune.com/politics/bnp/930449/%E0%A6%AC%E0%A6%BF%E0%A6%8F%E0%A6%A8%E0%A6%AA%E0%A6%BF-%E0%A6%AA%E0%A7%8D%E0%A6%B0%E0%A6%BE%E0%A6%B0%E0%A7%8D%E0%A6%A5%E0%A7%80-%E0%A6%86%E0%A6%AC%E0%A7%8D%E0%A6%A6%E0%A7%81%E0%A6%B2-%E0%A6%86%E0%A6%89%E0%A7%9F%E0%A6%BE%E0%A6%B2-%E0%A6%AE%E0%A6%BF%E0%A6%A8%E0%A7%8D%E0%A6%9F%E0%A7%81%E0%A6%B0-%E0%A6%AA%E0%A7%8D%E0%A6%B0%E0%A6%BE%E0%A6%B0%E0%A7%8D%E0%A6%A5%E0%A6%BF%E0%A6%A4%E0%A6%BE,55,bn,yes,content_based_simulation,
বিএনপি,https://www.banglatribune.com/politics/jamat-e-islam/930448/%E0%A6%AF%E0%A6%AE%E0%A7%81%E0%A6%A8%E0%A6%BE%E0%A7%9F-%E0%A6%9C%E0%A6%BE%E0%A6%AE%E0%A6%BE%E0%A7%9F%E0%A6%BE%E0%A6%A4%E0%A7%87%E0%A6%B0-%E0%A6%AA%E0%A7%8D%E0%A6%B0%E0%A6%A4%E0%A6%BF%E0%A6%A8%E0%A6%BF%E0%A6%A7%E0%A6%BF%E0%A6%A6%E0%A6%B2,56,bn,yes,content_based_simulation,
বিএনপি,https://www.banglatribune.com/politics/other-politics/930446/%E0%A6%A8%E0%A6%BF%E0%A6%B0%E0%A7%8D%E0%A6%AC%E0%A6%BE%E0%A6%9A%E0%A6%A8%E0%A6%BF-%E0%A6%AE%E0%A6%BE%E0%A6%A0%E0%A7%87-%E2%80%98%E0%A6%B6%E0%A6%BE%E0%A6%AA%E0%A6%B2%E0%A6%BE-%E0%A6%95%E0%A6%B2%E0%A6%BF%E2%80%99-%E0%A7%A8%E0%A7%AD-%E0%A6%86%E0%A6%B8%E0%A6%A8%E0%A7%87-%E0%A6%8F%E0%A6%A8%E0%A6%B8%E0%A6%BF%E0%A6%AA%E0%A6%BF%E0%A6%B0,57,bn,no,content_based_simulation,
বিএনপি,https://www.banglatribune.com/foreign/latin-america/930506/%E0%A6%9A%E0%A6%BF%E0%A6%B2%E0%A6%BF%E0%A6%A4%E0%A7%87-%E0%A6%A6%E0%A6%BE%E0%A6%AC%E0%A6%BE%E0%A6%A8%E0%A6%B2%E0%A7%87-%E0%A6%A8%E0%A6%BF%E0%A6%B9%E0%A6%A4-%E0%A6%85%E0%A6%A8%E0%A7%8D%E0%A6%A4%E0%A6%A4-%E0%A7%A7%E0%A7%AE,59,bn,no,content_based_simulation,
বিএনপি,https://www.banglatribune.com/foreign/asia/930469/%E0%A6%AE%E0%A6%BE%E0%A6%B0%E0%A7%8D%E0%A6%95%E0%A6%BF%E0%A6%A8-%E0%A6%9A%E0%A6%BE%E0%A6%AA%E0%A7%87-%E0%A6%87%E0%A6%B0%E0%A6%BE%E0%A6%A8%E0%A7%87%E0%A6%B0-%E0%A6%9A%E0%A6%BE%E0%A6%AC%E0%A6%BE%E0%A6%B9%E0%A6%BE%E0%A6%B0-%E0%A6%AC%E0%A6%A8%E0%A7%8D%E0%A6%A6%E0%A6%B0-%E0%A6%A5%E0%A7%87%E0%A6%95%E0%A7%87-%E0%A6%95%E0%A6%BF-%E0%A6%B8%E0%A6%B0%E0%A7%87,64,bn,no,content_based_simulation,
বিএনপি,https://www.banglatribune.com/foreign/middle-east/930442/%E0%A6%97%E0%A6%BE%E0%A6%9C%E0%A6%BE-%E0%A6%B6%E0%A6%BE%E0%A6%A8%E0%A7%8D%E0%A6%A4%E0%A6%BF-%E0%A6%AC%E0%A7%8B%E0%A6%B0%E0%A7%8D%E0%A6%A1%E0%A7%87-%E0%A6%B8%E0%A7%8D%E0%A6%A5%E0%A6%BE%E0%A7%9F%E0%A7%80-%E0%A6%B8%E0%A6%A6%E0%A6%B8%E0%A7%8D%E0%A6%AF%E0%A6%AA%E0%A6%A6-%E0%A6%AA%E0%A7%87%E0%A6%A4%E0%A7%87-%E0%A6%A6%E0%A6%BF%E0%A6%A4%E0%A7%87-%E0%A6%B9%E0%A6%AC%E0%A7%87,66,bn,no,content_based_simulation,
বিএনপি,https://www.banglatribune.com/foreign/asia/914757/%E0%A6%B0%E0%A6%BE%E0%A6%9C%E0%A6%A8%E0%A7%88%E0%A6%A4%E0%A6%BF%E0%A6%95-%E0%A6%85%E0%A6%A8%E0%A6%BF%E0%A6%B6%E0%A7%8D%E0%A6%9A%E0%A6%AF%E0%A6%BC%E0%A6%A4%E0%A6%BE%E0%A7%9F-%E0%A6%A8%E0%A7%87%E0%A6%AA%E0%A6%BE%E0%A6%B2-%E0%A6%B8%E0%A6%BE%E0%A6%AE%E0%A6%A8%E0%A7%87-%E0%A6%95%E0%A7%80,79,bn,no,content_based_simulation,
বিএনপি,https://www.banglatribune.com/business/power-and-fuel/929432/%E0%A6%A0%E0%A6%BF%E0%A6%95-%E0%A6%B9%E0%A7%9F%E0%A6%A8%E0%A6%BF-%E0%A6%AA%E0%A6%BE%E0%A6%87%E0%A6%AA%E0%A6%B2%E0%A6%BE%E0%A6%87%E0%A6%A8%E0%A7%87%E0%A6%B0-%E0%A6%B2%E0%A6%BF%E0%A6%95%E0%A7%87%E0%A6%9C-%E0%A6%97%E0%A7%8D%E0%A6%AF%E0%A6%BE%E0%A6%B8%E0%A7%87%E0%A6%B0-%E0%A6%9A%E0%A6%BE%E0%A6%AA-%E0%A6%95%E0%A6%AE-%E0%A6%A5%E0%A6%BE%E0%A6%95%E0%A6%BE%E0%A7%9F,85,bn,no,content_based_simulation,
বিএনপি,https://www.banglatribune.com/country/dhaka/928378/%E0%A6%A6%E0%A7%81%E0%A6%A6%E0%A6%BF%E0%A6%A8-%E0%A6%AA%E0%A7%87%E0%A6%9B%E0%A6%BE%E0%A6%B2%E0%A7%8B-%E0%A6%AC%E0%A6%BE%E0%A6%A3%E0%A6%BF%E0%A6%9C%E0%A7%8D%E0%A6%AF-%E0%A6%AE%E0%A7%87%E0%A6%B2%E0%A6%BE-%E0%A6%9A%E0%A6%B2%E0%A6%9B%E0%A7%87-%E0%A6%B8%E0%A7%8D%E0%A6%9F%E0%A6%B2%E0%A7%87%E0%A6%B0-%E0%A6%B8%E0%A6%BE%E0%A6%9C%E0%A6%B8%E0%A6%9C%E0%A7%8D%E0%A6%9C%E0%A6%BE,97,bn,yes,content_based_simulation,
ঢাকা,https://www.banglatribune.com/national/930500/%E0%A6%A8%E0%A6%BF%E0%A6%B0%E0%A7%8D%E0%A6%AC%E0%A6%BE%E0%A6%9A%E0%A6%A8%E0%A7%87%E0%A6%B0-%E0%A6%AE%E0%A6%BE%E0%A6%A0-%E0%A6%A5%E0%A7%87%E0%A6%95%E0%A7%87-%E0%A6%9B%E0%A6%BF%E0%A6%9F%E0%A6%95%E0%A7%87-%E0%A6%AA%E0%A7%9C%E0%A6%B2%E0%A7%8B-%E0%A6%A6%E0%A7%87%E0%A7%9C%E0%A6%B6%E0%A7%8B-%E0%A6%AA%E0%A7%8D%E0%A6%B0%E0%A6%BE%E0%A6%B0%E0%A7%8D%E0%A6%A5%E0%A7%80,0,bn,yes,content_based_simulation,
ঢাকা,https://www.banglatribune.com/country/dhaka/930520/%E0%A6%B8%E0%A6%BF%E0%A6%82%E0%A6%97%E0%A6%BE%E0%A6%87%E0%A6%B0%E0%A7%87-%E0%A6%9A%E0%A7%8B%E0%A6%B0-%E0%A6%B8%E0%A6%A8%E0%A7%8D%E0%A6%A6%E0%A7%87%E0%A6%B9%E0%A7%87-%E0%A6%AA%E0%A6%BF%E0%A6%9F%E0%A7%81%E0%A6%A8%E0%A6%BF%E0%A6%A4%E0%A7%87-%E0%A7%A8-%E0%A6%9C%E0%A6%A8-%E0%A6%A8%E0%A6%BF%E0%A6%B9%E0%A6%A4,1,bn,yes,content_based_simulation,
ঢাকা,https://www.banglatribune.com/politics/bnp/930518/%E0%A6%9C%E0%A6%BF%E0%A6%AF%E0%A6%BC%E0%A6%BE%E0%A6%89%E0%A6%B0-%E0%A6%B0%E0%A6%B9%E0%A6%AE%E0%A6%BE%E0%A6%A8%E0%A7%87%E0%A6%B0-%E0%A6%9C%E0%A6%A8%E0%A7%8D%E0%A6%AE%E0%A6%AC%E0%A6%BE%E0%A6%B0%E0%A7%8D%E0%A6%B7%E0%A6%BF%E0%A6%95%E0%A7%80-%E0%A6%AA%E0%A6%BE%E0%A6%B2%E0%A6%A8-%E0%A6%B8%E0%A6%AE%E0%A6%BE%E0%A6%A7%E0%A6%BF-%E0%A6%AA%E0%A7%8D%E0%A6%B0%E0%A6%BE%E0%A6%99%E0%A7%8D%E0%A6%97%E0%A6%A3%E0%A7%87,2,bn,yes,content_based_simulation,
ঢাকা,https://www.banglatribune.com/business/power-and-fuel/930505/%E0%A6%B8%E0%A6%82%E0%A6%95%E0%A6%9F-%E0%A6%95%E0%A6%BE%E0%A6%9F%E0%A6%BE%E0%A6%A4%E0%A7%87-%E0%A6%8F%E0%A6%B2%E0%A6%AA%E0%A6%BF%E0%A6%9C%E0%A6%BF-%E0%A6%86%E0%A6%A8%E0%A6%A4%E0%A7%87-%E0%A6%AF%E0%A6%BE%E0%A6%9A%E0%A7%8D%E0%A6%9B%E0%A7%87-%E0%A6%AC%E0%A6%BF%E0%A6%AA%E0%A6%BF%E0%A6%B8%E0%A6%BF,4,bn,no,content_based_simulation,
ঢাকা,https://www.banglatribune.com/national/930492/%E0%A6%87%E0%A6%B8%E0%A6%BF%E0%A6%B0-%E0%A6%AC%E0%A6%BF%E0%A6%B0%E0%A7%81%E0%A6%A6%E0%A7%8D%E0%A6%A7%E0%A7%87-%E0%A6%AA%E0%A6%95%E0%A7%8D%E0%A6%B7%E0%A6%AA%E0%A6%BE%E0%A6%A4%E0%A6%A6%E0%A7%81%E0%A6%B7%E0%A7%8D%E0%A6%9F%E0%A6%A4%E0%A6%BE%E0%A6%B0-%E0%A6%85%E0%A6%AD%E0%A6%BF%E0%A6%AF%E0%A7%8B%E0%A6%97-%E0%A6%B6%E0%A7%81%E0%A6%A8%E0%A6%BE%E0%A6%A8%E0%A6%BF-%E0%A6%B6%E0%A7%87%E0%A6%B7%E0%A7%87,5,bn,yes,content_based_simulation,
ঢাকা,https://www.banglatribune.com/national/930451/%E0%A6%A2%E0%A6%BE%E0%A6%95%E0%A6%BE-%E0%A6%AE%E0%A6%B9%E0%A6%BE%E0%A6%A8%E0%A6%97%E0%A6%B0%E0%A7%80%E0%A6%B0-%E0%A6%AA%E0%A7%8D%E0%A6%B0%E0%A6%A4%E0%A6%BF%E0%A6%9F%E0%A6%BF-%E0%A6%93%E0%A7%9F%E0%A6%BE%E0%A6%B0%E0%A7%8D%E0%A6%A1%E0%A7%87-%E0%A6%97%E0%A6%A3%E0%A6%AD%E0%A7%8B%E0%A6%9F%E0%A7%87%E0%A6%B0-%E0%A6%B2%E0%A6%BF%E0%A6%AB%E0%A6%B2%E0%A7%87%E0%A6%9F-%E0%A6%AA%E0%A7%8C%E0%A6%81%E0%A6%9B%E0%A7%87,8,bn,yes,content_based_simulation,
ঢাকা,https://www.banglatribune.com/national/930437/%E2%80%98%E0%A6%B0%E0%A7%82%E0%A6%AA%E0%A6%AA%E0%A7%81%E0%A6%B0-%E0%A6%A5%E0%A7%87%E0%A6%95%E0%A7%87-%E0%A6%AB%E0%A7%87%E0%A6%AC%E0%A7%8D%E0%A6%B0%E0%A7%81%E0%A7%9F%E0%A6%BE%E0%A6%B0%E0%A6%BF%E0%A6%B0-%E0%A6%B6%E0%A7%87%E0%A6%B7-%E0%A6%A8%E0%A6%BE%E0%A6%97%E0%A6%BE%E0%A6%A6-%E0%A6%AA%E0%A7%8D%E0%A6%B0%E0%A6%A5%E0%A6%AE-%E0%A6%87%E0%A6%89%E0%A6%A8%E0%A6%BF%E0%A6%9F%E0%A7%87,10,bn,no,content_based_simulation,
ঢাকা,https://www.banglatribune.com/national/930432/%E2%80%98%E0%A6%B9%E0%A7%8D%E0%A6%AF%E0%A6%BE%E0%A6%81%E2%80%99-%E0%A6%AD%E0%A7%8B%E0%A6%9F%E0%A7%87%E0%A6%B0-%E0%A6%AA%E0%A6%95%E0%A7%8D%E0%A6%B7%E0%A7%87-%E0%A6%85%E0%A6%AC%E0%A6%B8%E0%A7%8D%E0%A6%A5%E0%A6%BE%E0%A6%A8-%E0%A6%A8%E0%A7%87%E0%A6%93%E0%A7%9F%E0%A6%BE%E0%A6%B0-%E0%A6%95%E0%A6%BE%E0%A6%B0%E0%A6%A3-%E0%A6%9C%E0%A6%BE%E0%A6%A8%E0%A6%BE%E0%A6%B2%E0%A7%8B,11,bn,no,content_based_simulation,
ঢাকা,https://www.banglatribune.com/national/930346/%E0%A6%85%E0%A6%95%E0%A6%BE%E0%A6%B0%E0%A6%A3%E0%A7%87-%E0%A6%B9%E0%A6%B0%E0%A7%8D%E0%A6%A8-%E0%A6%AC%E0%A6%BE%E0%A6%9C%E0%A6%BE%E0%A6%A8%E0%A7%8B-%E0%A6%AC%E0%A6%A8%E0%A7%8D%E0%A6%A7-%E0%A6%95%E0%A6%B0%E0%A6%A4%E0%A7%87-%E0%A6%B9%E0%A6%AC%E0%A7%87-%E0%A6%AA%E0%A6%B0%E0%A6%BF%E0%A6%AC%E0%A7%87%E0%A6%B6-%E0%A6%89%E0%A6%AA%E0%A6%A6%E0%A7%87%E0%A6%B7%E0%A7%8D%E0%A6%9F%E0%A6%BE%C2%A0,17,bn,yes,content_based_simulation,
ঢাকা,https://www.banglatribune.com/national/930336/%E2%80%98%E0%A6%B9%E0%A7%8D%E0%A6%AF%E0%A6%BE%E0%A6%81%E2%80%99-%E0%A6%AD%E0%A7%8B%E0%A6%9F%E0%A7%87%E0%A6%B0-%E0%A6%AA%E0%A7%8D%E0%A6%B0%E0%A6%9A%E0%A6%BE%E0%A6%B0%E0%A6%A3%E0%A6%BE%E0%A7%9F-%E0%A6%B8%E0%A6%B0%E0%A6%95%E0%A6%BE%E0%A6%B0%E0%A6%BF-%E0%A6%95%E0%A6%B0%E0%A7%8D%E0%A6%AE%E0%A6%9A%E0%A6%BE%E0%A6%B0%E0%A7%80%E0%A6%A6%E0%A7%87%E0%A6%B0-%E0%A6%AC%E0%A6%BE%E0%A6%A7%E0%A6%BE,18,bn,yes,content_based_simulation,
ঢাকা,https://www.banglatribune.com/national/930316/%E0%A6%86%E0%A6%AE%E0%A6%B0%E0%A6%BE-%E0%A6%AA%E0%A6%B0%E0%A7%8D%E0%A6%AF%E0%A6%AC%E0%A7%87%E0%A6%95%E0%A7%8D%E0%A6%B7%E0%A6%A3-%E0%A6%95%E0%A6%B0%E0%A6%AC%E0%A7%8B-%E0%A6%B9%E0%A6%B8%E0%A7%8D%E0%A6%A4%E0%A6%95%E0%A7%8D%E0%A6%B7%E0%A7%87%E0%A6%AA-%E0%A6%A8%E0%A7%9F-%E0%A6%87%E0%A6%87%E0%A6%89-%E0%A6%A8%E0%A6%BF%E0%A6%B0%E0%A7%8D%E0%A6%AC%E0%A6%BE%E0%A6%9A%E0%A6%A8,20,bn,yes,content_based_simulation,
ঢাকা,https://www.banglatribune.com/national/930308/%E0%A6%87%E0%A6%B8%E0%A6%BF%E0%A6%B0-%E0%A6%B6%E0%A7%81%E0%A6%A8%E0%A6%BE%E0%A6%A8%E0%A6%BF%E0%A6%A4%E0%A7%87-%E0%A6%B9%E0%A6%9F%E0%A7%8D%E0%A6%9F%E0%A6%97%E0%A7%8B%E0%A6%B2,21,bn,no,content_based_simulation,
ঢাকা,https://www.banglatribune.com/national/930301/%E0%A7%A7%E0%A7%AB-%E0%A6%AC%E0%A6%9B%E0%A6%B0-%E0%A6%AA%E0%A7%8D%E0%A6%B0%E0%A6%95%E0%A6%BE%E0%A6%B6%E0%A7%8D%E0%A6%AF-%E0%A6%A6%E0%A6%BF%E0%A6%AC%E0%A6%BE%E0%A6%B2%E0%A7%8B%E0%A6%95%E0%A7%87-%E0%A6%AC%E0%A7%8D%E0%A6%AF%E0%A6%BE%E0%A6%82%E0%A6%95-%E0%A6%A1%E0%A6%BE%E0%A6%95%E0%A6%BE%E0%A6%A4%E0%A6%BF-%E0%A6%B9%E0%A7%9F%E0%A7%87%E0%A6%9B%E0%A7%87,22,bn,yes,content_based_simulation,
ঢাকা,https://www.banglatribune.com/national/930258/%E0%A6%B6%E0%A6%BE%E0%A6%95%E0%A6%B8%E0%A7%81-%E0%A6%A8%E0%A6%BF%E0%A6%B0%E0%A7%8D%E0%A6%AC%E0%A6%BE%E0%A6%9A%E0%A6%A8%E0%A7%87%E0%A6%B0-%E0%A6%85%E0%A6%A8%E0%A7%81%E0%A6%AE%E0%A6%A4%E0%A6%BF-%E0%A6%A6%E0%A6%BF%E0%A6%B2%E0%A7%8B-%E0%A6%87%E0%A6%B8%E0%A6%BF,23,bn,no,content_based_simulation,
ঢাকা,https://www.banglatribune.com/country/chitagong/930526/%E0%A6%86%E0%A6%87%E0%A6%A8%E0%A6%9C%E0%A7%80%E0%A6%AC%E0%A7%80-%E0%A6%86%E0%A6%B2%E0%A6%BF%E0%A6%AB-%E0%A6%B9%E0%A6%A4%E0%A7%8D%E0%A6%AF%E0%A6%BE-%E0%A6%AE%E0%A6%BE%E0%A6%AE%E0%A6%B2%E0%A6%BE%E0%A7%9F-%E0%A6%9A%E0%A6%BF%E0%A6%A8%E0%A7%8D%E0%A6%AE%E0%A7%9F-%E0%A6%A6%E0%A6%BE%E0%A6%B8%E0%A6%B8%E0%A6%B9-%E0%A7%A9%E0%A7%AF-%E0%A6%86%E0%A6%B8%E0%A6%BE%E0%A6%AE%E0%A6%BF%E0%A6%B0,24,bn,yes,content_based_simulation,
ঢাকা,https://www.banglatribune.com/country/dhaka/930508/%E0%A6%86.%E0%A6%B2%E0%A7%80%E0%A6%97%E0%A7%87%E0%A6%B0-%E0%A6%AA%E0%A6%BE%E0%A6%81%E0%A6%9A-%E0%A6%B6%E0%A6%A4%E0%A6%BE%E0%A6%A7%E0%A6%BF%E0%A6%95-%E0%A6%A8%E0%A7%87%E0%A6%A4%E0%A6%BE%E0%A6%95%E0%A6%B0%E0%A7%8D%E0%A6%AE%E0%A7%80-%E0%A6%AF%E0%A7%8B%E0%A6%97-%E0%A6%A6%E0%A6%BF%E0%A6%B2%E0%A7%87%E0%A6%A8-%E0%A6%AC%E0%A6%BF%E0%A6%8F%E0%A6%A8%E0%A6%AA%E0%A6%BF%E0%A6%A4%E0%A7%87,25,bn,no,content_based_simulation,
ঢাকা,https://www.banglatribune.com/country/dhaka/930502/%E0%A6%B8%E0%A6%BE%E0%A6%AD%E0%A6%BE%E0%A6%B0%E0%A7%87-%E0%A6%AA%E0%A6%B0%E0%A6%BF%E0%A6%A4%E0%A7%8D%E0%A6%AF%E0%A6%95%E0%A7%8D%E0%A6%A4-%E0%A6%95%E0%A6%AE%E0%A6%BF%E0%A6%89%E0%A6%A8%E0%A6%BF%E0%A6%9F%E0%A6%BF-%E0%A6%B8%E0%A7%87%E0%A6%A8%E0%A7%8D%E0%A6%9F%E0%A6%BE%E0%A6%B0%E0%A7%87-%E0%A6%AA%E0%A7%8B%E0%A7%9C%E0%A6%BE-%E0%A7%A8-%E0%A6%B2%E0%A6%BE%E0%A6%B6,28,bn,yes,content_based_simulation,
ঢাকা,https://www.banglatribune.com/country/930488/%E0%A6%9A%E0%A6%9F%E0%A7%8D%E0%A6%9F%E0%A6%97%E0%A7%8D%E0%A6%B0%E0%A6%BE%E0%A6%AE%E0%A7%87-%E0%A6%B8%E0%A6%AE%E0%A6%BE%E0%A6%AC%E0%A7%87%E0%A6%B6%E0%A7%87-%E0%A6%89%E0%A6%AA%E0%A6%B8%E0%A7%8D%E0%A6%A5%E0%A6%BF%E0%A6%A4-%E0%A6%A5%E0%A6%BE%E0%A6%95%E0%A6%AC%E0%A7%87%E0%A6%A8-%E0%A6%A4%E0%A6%BE%E0%A6%B0%E0%A7%87%E0%A6%95-%E0%A6%B0%E0%A6%B9%E0%A6%AE%E0%A6%BE%E0%A6%A8,32,bn,no,content_based_simulation,
ঢাকা,https://www.banglatribune.com/country/930486/%E0%A6%AC%E0%A6%A1%E0%A6%BC%E0%A6%AA%E0%A7%81%E0%A6%95%E0%A7%81%E0%A6%B0%E0%A6%BF%E0%A6%AF%E0%A6%BC%E0%A6%BE-%E0%A6%A4%E0%A6%BE%E0%A6%AA-%E0%A6%AC%E0%A6%BF%E0%A6%A6%E0%A7%8D%E0%A6%AF%E0%A7%81%E0%A7%8E%E0%A6%95%E0%A7%87%E0%A6%A8%E0%A7%8D%E0%A6%A6%E0%A7%8D%E0%A6%B0%E0%A7%87%E0%A6%B0-%E0%A6%89%E0%A7%8E%E0%A6%AA%E0%A6%BE%E0%A6%A6%E0%A6%A8-%E0%A6%AC%E0%A6%A8%E0%A7%8D%E0%A6%A7,33,bn,no,content_based_simulation,
ঢাকা,https://www.banglatribune.com/country/930481/%E2%80%98%E0%A6%86.%E0%A6%B2%E0%A7%80%E0%A6%97-%E0%A6%A8%E0%A7%87%E0%A6%A4%E0%A6%BE%E0%A6%95%E0%A6%B0%E0%A7%8D%E0%A6%AE%E0%A7%80%E0%A6%B0%E0%A6%BE-%E0%A6%AC%E0%A7%81%E0%A6%95-%E0%A6%AB%E0%A7%81%E0%A6%B2%E0%A6%BF%E0%A7%9F%E0%A7%87-%E0%A6%9A%E0%A6%B2%E0%A6%BE%E0%A6%AB%E0%A7%87%E0%A6%B0%E0%A6%BE-%E0%A6%95%E0%A6%B0%E0%A6%AC%E0%A7%87%E0%A6%A8-%E0%A6%95%E0%A7%87%E0%A6%89,34,bn,no,content_based_simulation,
ঢাকা,https://www.banglatribune.com/country/930466/%E0%A6%B9%E0%A6%A4%E0%A7%8D%E0%A6%AF%E0%A6%BE%E0%A6%B0-%E0%A6%B9%E0%A7%81%E0%A6%AE%E0%A6%95%E0%A6%BF-%E0%A6%AA%E0%A6%BE%E0%A6%93%E0%A7%9F%E0%A6%BE%E0%A6%B0-%E0%A6%95%E0%A6%A5%E0%A6%BE-%E0%A6%9C%E0%A6%BE%E0%A6%A8%E0%A6%BF%E0%A7%9F%E0%A7%87-%E0%A6%86%E0%A6%AE%E0%A6%BF%E0%A6%B0-%E0%A6%B9%E0%A6%BE%E0%A6%AE%E0%A6%9C%E0%A6%BE-%E0%A6%AC%E0%A6%B2%E0%A6%B2%E0%A7%87%E0%A6%A8,35,bn,no,content_based_simulation,
ঢাকা,https://www.banglatribune.com/country/930458/%E0%A6%B0%E0%A6%BE%E0%A6%9C%E0%A6%B6%E0%A6%BE%E0%A6%B9%E0%A7%80%E0%A6%A4%E0%A7%87-%E0%A6%A6%E0%A7%81%E0%A6%9F%E0%A6%BF-%E0%A6%AC%E0%A6%BF%E0%A6%A6%E0%A7%87%E0%A6%B6%E0%A6%BF-%E0%A6%AA%E0%A6%BF%E0%A6%B8%E0%A7%8D%E0%A6%A4%E0%A6%B2-%E0%A6%93-%E0%A6%97%E0%A7%81%E0%A6%B2%E0%A6%BF-%E0%A6%89%E0%A6%A6%E0%A7%8D%E0%A6%A7%E0%A6%BE%E0%A6%B0,36,bn,no,content_based_simulation,
ঢাকা,https://www.banglatribune.com/country/930450/%E0%A6%87%E0%A6%9C%E0%A6%BF%E0%A6%AC%E0%A6%BE%E0%A6%87%E0%A6%95%E0%A6%95%E0%A7%87-%E0%A6%9A%E0%A6%BE%E0%A6%AA%E0%A6%BE-%E0%A6%A6%E0%A6%BF%E0%A7%9F%E0%A7%87-%E0%A6%AC%E0%A6%BE%E0%A6%B8-%E0%A6%96%E0%A6%BE%E0%A6%A6%E0%A7%87-%E0%A7%AB-%E0%A6%9C%E0%A6%A8-%E0%A6%A8%E0%A6%BF%E0%A6%B9%E0%A6%A4,37,bn,yes,content_based_simulation,
ঢাকা,https://www.banglatribune.com/country/930433/%E2%80%98%E0%A6%A1%E0%A6%BF%E0%A6%9C%E0%A6%BF%E0%A6%9F%E0%A6%BE%E0%A6%B2-%E0%A6%B8%E0%A6%BF%E0%A6%95%E0%A6%BF%E0%A6%89%E0%A6%B0%E0%A6%BF%E0%A6%9F%E0%A6%BF%E0%A6%B0-%E0%A6%A8%E0%A6%BE%E0%A6%AE%E0%A7%87-%E0%A6%95%E0%A7%8B%E0%A6%A8%E0%A6%93-%E0%A6%B8%E0%A6%BE%E0%A6%82%E0%A6%AC%E0%A6%BE%E0%A6%A6%E0%A6%BF%E0%A6%95%E0%A6%95%E0%A7%87-%E0%A6%9C%E0%A7%87%E0%A6%B2%E0%A7%87,39,bn,no,content_based_simulation,
ঢাকা,https://www.banglatribune.com/country/930416/%E0%A6%9F%E0%A6%BE%E0%A6%99%E0%A7%8D%E0%A6%97%E0%A6%BE%E0%A6%87%E0%A6%B2%E0%A7%87-%E0%A6%B6%E0%A6%BE%E0%A6%B6%E0%A7%81%E0%A7%9C%E0%A6%BF%E0%A6%95%E0%A7%87-%E0%A6%B9%E0%A6%A4%E0%A7%8D%E0%A6%AF%E0%A6%BE%E0%A6%B0-%E0%A6%A6%E0%A6%BE%E0%A7%9F%E0%A7%87-%E0%A6%9C%E0%A6%BE%E0%A6%AE%E0%A6%BE%E0%A6%87%E0%A7%9F%E0%A7%87%E0%A6%B0-%E0%A6%AF%E0%A6%BE%E0%A6%AC%E0%A6%9C%E0%A7%8D%E0%A6%9C%E0%A7%80%E0%A6%AC%E0%A6%A8,40,bn,no,content_based_simulation,
ঢাকা,https://www.banglatribune.com/country/930414/%E0%A6%B8%E0%A6%BE%E0%A6%AD%E0%A6%BE%E0%A6%B0%E0%A7%87-%E0%A6%AA%E0%A6%B0%E0%A6%BF%E0%A6%A4%E0%A7%8D%E0%A6%AF%E0%A6%95%E0%A7%8D%E0%A6%A4-%E0%A6%95%E0%A6%AE%E0%A6%BF%E0%A6%89%E0%A6%A8%E0%A6%BF%E0%A6%9F%E0%A6%BF-%E0%A6%B8%E0%A7%87%E0%A6%A8%E0%A7%8D%E0%A6%9F%E0%A6%BE%E0%A6%B0-%E0%A6%A5%E0%A7%87%E0%A6%95%E0%A7%87-%E0%A6%86%E0%A6%AC%E0%A6%BE%E0%A6%B0%E0%A6%93-%E0%A7%A8,41,bn,yes,content_based_simulation,
ঢাকা,https://www.banglatribune.com/politics/bnp/930525/%E0%A6%A4%E0%A6%BE%E0%A6%B0%E0%A7%87%E0%A6%95-%E0%A6%B0%E0%A6%B9%E0%A6%AE%E0%A6%BE%E0%A6%A8%E0%A7%87%E0%A6%B0-%E0%A6%B8%E0%A6%99%E0%A7%8D%E0%A6%97%E0%A7%87-%E0%A6%95%E0%A6%BE%E0%A6%A8%E0%A6%BE%E0%A6%A1%E0%A6%BE%E0%A6%B0-%E0%A6%B9%E0%A6%BE%E0%A6%87%E0%A6%95%E0%A6%AE%E0%A6%BF%E0%A6%B6%E0%A6%A8%E0%A6%BE%E0%A6%B0%E0%A7%87%E0%A6%B0-%E0%A6%B8%E0%A6%BE%E0%A6%95%E0%A7%8D%E0%A6%B7%E0%A6%BE%E0%A7%8E%C2%A0,42,bn,yes,content_based_simulation,
ঢাকা,https://www.banglatribune.com/politics/other-politics/930461/%E0%A6%95%E0%A6%BE%E0%A6%A6%E0%A7%87%E0%A6%B0-%E0%A6%AD%E0%A7%8B%E0%A6%9F-%E0%A6%9F%E0%A6%BE%E0%A6%A8%E0%A6%A4%E0%A7%87-%E0%A6%9A%E0%A6%BE%E0%A7%9F-%E0%A6%A4%E0%A6%BF%E0%A6%A8-%E0%A6%A6%E0%A6%B2%E0%A7%80%E0%A7%9F-%E2%80%98%E0%A6%AC%E0%A7%83%E0%A6%B9%E0%A6%A4%E0%A7%8D%E0%A6%A4%E0%A6%B0-%E0%A6%B8%E0%A7%81%E0%A6%A8%E0%A7%8D%E0%A6%A8%E0%A6%BF,44,bn,yes,content_based_simulation,
ঢাকা,https://www.banglatribune.com/politics/bnp/930489/%E0%A6%9C%E0%A6%BF%E0%A7%9F%E0%A6%BE%E0%A6%89%E0%A6%B0-%E0%A6%B0%E0%A6%B9%E0%A6%AE%E0%A6%BE%E0%A6%A8%E0%A7%87%E0%A6%B0-%E0%A7%AF%E0%A7%A6%E0%A6%A4%E0%A6%AE-%E0%A6%9C%E0%A6%A8%E0%A7%8D%E0%A6%AE%E0%A6%AC%E0%A6%BE%E0%A6%B0%E0%A7%8D%E0%A6%B7%E0%A6%BF%E0%A6%95%E0%A7%80-%E0%A6%86%E0%A6%9C-%E0%A6%AC%E0%A6%BF%E0%A6%8F%E0%A6%A8%E0%A6%AA%E0%A6%BF%E0%A6%B0-%E0%A6%A6%E0%A7%81%E0%A6%87,45,bn,yes,content_based_simulation,
ঢাকা,https://www.banglatribune.com/politics/other-politics/930478/%E2%80%98%E0%A6%A8%E0%A6%BF%E0%A6%B0%E0%A7%8D%E0%A6%AC%E0%A6%BE%E0%A6%9A%E0%A6%A8%E0%A7%87-%E0%A6%85%E0%A6%82%E0%A6%B6-%E0%A6%A8%E0%A7%87%E0%A6%AC%E0%A7%87-%E0%A6%95%E0%A6%BF%E0%A6%A8%E0%A6%BE-%E0%A6%AC%E0%A6%BF%E0%A6%AC%E0%A7%87%E0%A6%9A%E0%A6%A8%E0%A6%BE-%E0%A6%95%E0%A6%B0%E0%A6%9B%E0%A7%87-%E0%A6%8F%E0%A6%A8%E0%A6%B8%E0%A6%BF%E0%A6%AA%E0%A6%BF%E2%80%99,47,bn,yes,content_based_simulation,
ঢাকা,https://www.banglatribune.com/politics/other-politics/930468/%E0%A6%B8%E0%A6%BE%E0%A6%AE%E0%A7%8D%E0%A6%AA%E0%A7%8D%E0%A6%B0%E0%A6%A6%E0%A6%BE%E0%A6%AF%E0%A6%BC%E0%A6%BF%E0%A6%95-%E0%A6%B8%E0%A6%AE%E0%A7%8D%E0%A6%AA%E0%A7%8D%E0%A6%B0%E0%A7%80%E0%A6%A4%E0%A6%BF%E0%A6%B0-%E0%A6%AE%E0%A6%A7%E0%A7%8D%E0%A6%AF%E0%A7%87%E0%A6%87-%E0%A6%AC%E0%A6%BE%E0%A6%82%E0%A6%B2%E0%A6%BE%E0%A6%A6%E0%A7%87%E0%A6%B6%E0%A7%87%E0%A6%B0,49,bn,yes,content_based_simulation,
ঢাকা,https://www.banglatribune.com/politics/bnp/930464/%E0%A6%9B%E0%A6%BE%E0%A6%A4%E0%A7%8D%E0%A6%B0%E0%A6%A6%E0%A6%B2%E0%A7%87%E0%A6%B0-%E0%A6%87%E0%A6%B8%E0%A6%BF-%E0%A6%98%E0%A7%87%E0%A6%B0%E0%A6%BE%E0%A6%93-%E0%A6%95%E0%A6%B0%E0%A7%8D%E0%A6%AE%E0%A6%B8%E0%A7%82%E0%A6%9A%E0%A6%BF-%E0%A6%9A%E0%A6%B2%E0%A6%AC%E0%A7%87,51,bn,yes,content_based_simulation,
ঢাকা,https://www.banglatribune.com/politics/bnp/930453/%E0%A6%87%E0%A6%B8%E0%A6%BF%E0%A6%B0-%E0%A6%95%E0%A6%A4%E0%A6%BF%E0%A6%AA%E0%A7%9F%C2%A0-%E0%A6%95%E0%A6%B0%E0%A7%8D%E0%A6%AE%E0%A6%95%E0%A6%B0%E0%A7%8D%E0%A6%A4%E0%A6%BE-%E0%A6%A8%E0%A6%BF%E0%A6%B0%E0%A7%8D%E0%A6%A6%E0%A6%BF%E0%A6%B7%E0%A7%8D%E0%A6%9F-%E0%A6%A6%E0%A6%B2%E0%A7%87%E0%A6%B0-%E0%A6%B9%E0%A7%9F%E0%A7%87-%E0%A6%95%E0%A6%BE%E0%A6%9C,54,bn,yes,content_based_simulation,
ঢাকা,https://www.banglatribune.com/foreign/europe/930503/%E0%A6%B8%E0%A7%8D%E0%A6%AA%E0%A7%87%E0%A6%A8%E0%A7%87-%E0%A6%A6%E0%A7%81%E0%A6%87-%E0%A6%89%E0%A6%9A%E0%A7%8D%E0%A6%9A%E0%A6%97%E0%A6%A4%E0%A6%BF%E0%A6%B0-%E0%A6%9F%E0%A7%8D%E0%A6%B0%E0%A7%87%E0%A6%A8-%E0%A6%A6%E0%A7%81%E0%A6%B0%E0%A7%8D%E0%A6%98%E0%A6%9F%E0%A6%A8%E0%A6%BE%E0%A7%9F-%E0%A6%A8%E0%A6%BF%E0%A6%B9%E0%A6%A4-%E0%A6%85%E0%A6%A8%E0%A7%8D%E0%A6%A4%E0%A6%A4-%E0%A7%A8%E0%A7%A7,60,bn,yes,content_based_simulation,
ঢাকা,https://www.banglatribune.com/foreign/asia/930412/%E0%A6%95%E0%A6%B0%E0%A6%BE%E0%A6%9A%E0%A6%BF%E0%A6%A4%E0%A7%87-%E0%A6%85%E0%A6%97%E0%A7%8D%E0%A6%A8%E0%A6%BF%E0%A6%95%E0%A6%BE%E0%A6%A3%E0%A7%8D%E0%A6%A1%E0%A7%87-%E0%A6%A8%E0%A6%BF%E0%A6%B9%E0%A6%A4-%E0%A7%AC,69,bn,no,content_based_simulation,
ঢাকা,https://www.banglatribune.com/foreign/asia/922258/%E0%A6%AC%E0%A6%BE%E0%A6%82%E0%A6%B2%E0%A6%BE%E0%A6%A6%E0%A7%87%E0%A6%B6-%E0%A6%9A%E0%A7%80%E0%A6%A8-%E0%A6%B8%E0%A6%AE%E0%A7%8D%E0%A6%AA%E0%A6%B0%E0%A7%8D%E0%A6%95%E0%A7%87-%E0%A6%A8%E0%A6%A4%E0%A7%81%E0%A6%A8-%E0%A6%A6%E0%A6%BF%E0%A6%97%E0%A6%A8%E0%A7%8D%E0%A6%A4-%E0%A6%96%E0%A7%81%E0%A6%B2%E0%A6%A4%E0%A7%87-%E0%A6%AA%E0%A6%BE%E0%A6%B0%E0%A7%87,75,bn,yes,content_based_simulation,
ঢাকা,https://www.banglatribune.com/foreign/middle-east/915567/%E0%A6%AE%E0%A6%BE%E0%A6%B0%E0%A7%8D%E0%A6%95%E0%A6%BF%E0%A6%A8-%E0%A6%9A%E0%A6%BE%E0%A6%AA%E0%A7%87-%E0%A6%87%E0%A6%B8%E0%A6%B0%E0%A6%BE%E0%A7%9F%E0%A7%87%E0%A6%B2%E0%A7%87%E0%A6%B0-%E0%A6%B8%E0%A6%99%E0%A7%8D%E0%A6%97%E0%A7%87-%E0%A6%A8%E0%A6%BF%E0%A6%B0%E0%A6%BE%E0%A6%AA%E0%A6%A4%E0%A7%8D%E0%A6%A4%E0%A6%BE-%E0%A6%9A%E0%A7%81%E0%A6%95%E0%A7%8D%E0%A6%A4%E0%A6%BF%E0%A6%B0-%E0%A6%AA%E0%A6%A5%E0%A7%87,78,bn,no,content_based_simulation,
ঢাকা,https://www.banglatribune.com/business/news/930428/%E0%A6%9F%E0%A6%BE%E0%A6%95%E0%A6%BE-%E0%A6%86%E0%A6%9F%E0%A6%95%E0%A7%87-%E0%A6%B0%E0%A6%BE%E0%A6%96%E0%A6%BE-%E0%A6%B9%E0%A7%9F-%E0%A6%B6%E0%A7%80%E0%A6%B0%E0%A7%8D%E0%A6%B7-%E0%A6%A8%E0%A7%87%E0%A6%A4%E0%A7%83%E0%A6%A4%E0%A7%8D%E0%A6%AC%E0%A7%87%E0%A6%B0-%E0%A6%A8%E0%A6%BF%E0%A6%B0%E0%A7%8D%E0%A6%A6%E0%A7%87%E0%A6%B6%E0%A7%87,81,bn,yes,content_based_simulation,
ঢাকা,https://www.banglatribune.com/business/news/930314/%E0%A6%8F%E0%A6%9C%E0%A7%87%E0%A6%A8%E0%A7%8D%E0%A6%9F%E0%A6%A8%E0%A6%BF%E0%A6%B0%E0%A7%8D%E0%A6%AD%E0%A6%B0-%E0%A6%AC%E0%A6%BF%E0%A6%AE%E0%A6%BE-%E0%A6%AE%E0%A6%A1%E0%A7%87%E0%A6%B2-%E0%A6%95%E0%A6%AE%E0%A6%BF%E0%A6%B6%E0%A6%A8%E0%A7%87%E0%A6%B0-%E0%A6%B2%E0%A7%8B%E0%A6%AD%E0%A7%87-%E0%A6%AA%E0%A6%B2%E0%A6%BF%E0%A6%B8%E0%A6%BF-%E0%A6%AC%E0%A6%BF%E0%A6%95%E0%A7%8D%E0%A6%B0%E0%A6%BF,82,bn,yes,content_based_simulation,
ঢাকা,https://www.banglatribune.com/business/929842/%E0%A6%AE%E0%A7%8B%E0%A6%AC%E0%A6%BE%E0%A6%87%E0%A6%B2-%E0%A6%AB%E0%A7%8B%E0%A6%A8-%E0%A6%86%E0%A6%AE%E0%A6%A6%E0%A6%BE%E0%A6%A8%E0%A6%BF%E0%A6%A4%E0%A7%87-%E0%A7%AC%E0%A7%A6-%E0%A6%B6%E0%A6%A4%E0%A6%BE%E0%A6%82%E0%A6%B6-%E0%A6%B6%E0%A7%81%E0%A6%B2%E0%A7%8D%E0%A6%95-%E0%A6%95%E0%A6%AE%E0%A6%BE%E0%A6%B2%E0%A7%8B-%E0%A6%8F%E0%A6%A8%E0%A6%AC%E0%A6%BF%E0%A6%86%E0%A6%B0,83,bn,no,content_based_simulation,
ঢাকা,https://www.banglatribune.com/business/power-and-fuel/929432/%E0%A6%A0%E0%A6%BF%E0%A6%95-%E0%A6%B9%E0%A7%9F%E0%A6%A8%E0%A6%BF-%E0%A6%AA%E0%A6%BE%E0%A6%87%E0%A6%AA%E0%A6%B2%E0%A6%BE%E0%A6%87%E0%A6%A8%E0%A7%87%E0%A6%B0-%E0%A6%B2%E0%A6%BF%E0%A6%95%E0%A7%87%E0%A6%9C-%E0%A6%97%E0%A7%8D%E0%A6%AF%E0%A6%BE%E0%A6%B8%E0%A7%87%E0%A6%B0-%E0%A6%9A%E0%A6%BE%E0%A6%AA-%E0%A6%95%E0%A6%AE-%E0%A6%A5%E0%A6%BE%E0%A6%95%E0%A6%BE%E0%A7%9F,85,bn,yes,content_based_simulation,
ঢাকা,https://www.banglatribune.com/business/news/930241/%E0%A6%A6%E0%A7%87%E0%A6%A6%E0%A6%BE%E0%A6%B0%E0%A6%B8%E0%A7%87-%E0%A6%B2%E0%A7%81%E0%A6%9F%E0%A6%AA%E0%A6%BE%E0%A6%9F-%E0%A6%95%E0%A6%B0%E0%A7%87%E0%A6%9B%E0%A7%87%E0%A6%A8-%E0%A6%AC%E0%A6%BF%E0%A6%AE%E0%A6%BE-%E0%A6%95%E0%A7%8B%E0%A6%AE%E0%A7%8D%E0%A6%AA%E0%A6%BE%E0%A6%A8%E0%A6%BF%E0%A6%B0-%E0%A6%AE%E0%A6%BE%E0%A6%B2%E0%A6%BF%E0%A6%95%E0%A6%B0%E0%A6%BE,92,bn,yes,content_based_simulation,
ঢাকা,https://www.banglatribune.com/country/dhaka/928378/%E0%A6%A6%E0%A7%81%E0%A6%A6%E0%A6%BF%E0%A6%A8-%E0%A6%AA%E0%A7%87%E0%A6%9B%E0%A6%BE%E0%A6%B2%E0%A7%8B-%E0%A6%AC%E0%A6%BE%E0%A6%A3%E0%A6%BF%E0%A6%9C%E0%A7%8D%E0%A6%AF-%E0%A6%AE%E0%A7%87%E0%A6%B2%E0%A6%BE-%E0%A6%9A%E0%A6%B2%E0%A6%9B%E0%A7%87-%E0%A6%B8%E0%A7%8D%E0%A6%9F%E0%A6%B2%E0%A7%87%E0%A6%B0-%E0%A6%B8%E0%A6%BE%E0%A6%9C%E0%A6%B8%E0%A6%9C%E0%A7%8D%E0%A6%9C%E0%A6%BE,97,bn,yes,content_based_simulation,
ঢাকা,https://www.banglatribune.com/business/industry-and-trade/922643/%E0%A6%AC%E0%A7%83%E0%A6%B9%E0%A6%B8%E0%A7%8D%E0%A6%AA%E0%A6%A4%E0%A6%BF%E0%A6%AC%E0%A6%BE%E0%A6%B0-%E0%A6%A6%E0%A7%8B%E0%A6%95%E0%A6%BE%E0%A6%A8-%E0%A6%93-%E0%A6%AC%E0%A6%BF%E0%A6%AA%E0%A6%A3%E0%A6%BF%E0%A6%AC%E0%A6%BF%E0%A6%A4%E0%A6%BE%E0%A6%A8-%E0%A6%96%E0%A7%8B%E0%A6%B2%E0%A6%BE-%E0%A6%A5%E0%A6%BE%E0%A6%95%E0%A6%AC%E0%A7%87,99,bn,yes,content_based_simulation,
